,Area,Cumulative_Active_Area,EOL_BadStatus,EOL_Landfill0,EOL_PATHS,EOL_PG,Effective_Capacity_[W],Landfill_0_ProjLife,MerchantTail_Area,MerchantTail_[W],ModuleTotal_MFG,P2_stored,P3_reMFG,P4_recycled,PB1_landfill,PB2_stored,PB3_reMFG,PB3_reMFG_unyield,PB3_reMFG_yield,PB4_recycled,PG1_landfill,PG2_stored,PG3_reMFG,PG3_reMFG_unyield,PG3_reMFG_yield,PG4_recycled,Power_Degraded_[W],Repaired_Area,Repaired_[W],Resold_Area,Resold_[W],WeibullParams,Yearly_Sum_Area_EOLby_Degradation,Yearly_Sum_Area_EOLby_Failure,Yearly_Sum_Area_EOLby_ProjectLifetime,Yearly_Sum_Area_PathsBad,Yearly_Sum_Area_PathsGood,Yearly_Sum_Area_atEOL,Yearly_Sum_Power_EOLby_Degradation,Yearly_Sum_Power_EOLby_Failure,Yearly_Sum_Power_EOLby_ProjectLifetime,Yearly_Sum_Power_PathsBad,Yearly_Sum_Power_PathsGood,Yearly_Sum_Power_atEOL,irradiance_stc
0,12654.532799999999,12654.532799999999,0.0,0.0,0.0,0.0,1581816.5999999999,0.0,0.0,0.0,13320.56084210526,0.0,0.0,0.0,0.0,0.0,0.0,0.0,0.0,0.0,0.0,0.0,0.0,0.0,0.0,0.0,0.0,0.0,0.0,0.0,0.0,"{'alpha': 4.414845594612703, 'beta': np.float64(17.38498686078816)}",0.0,0.0,0.0,0.0,0.0,0.0,0.0,0.0,0.0,0.0,0.0,0.0,1000.0
1,14039.262992125981,26693.753421288417,0.006355625634612903,0.03601521192947312,0.006355625634612903,0.0,3352934.118867964,0.0,0.0,0.0,14778.17157065893,0.0,0.0,0.0025422502538451613,0.003813375380767742,0.0,0.0,0.0,0.0,0.0025422502538451613,0.0,0.0,0.0,0.0,0.0,0.0,11863.6245,0.0,0.0,0.0,0.0,"{'alpha': 4.414845594612703, 'beta': np.float64(17.38498686078816)}",0.0,0.04237083756408602,0.0,0.04237083756408602,0.0,0.04237083756408602,0.0,5.256632035294422,0.0,5.256632035294422,0.0,5.256632035294422,1000.0
2,20112.372670807454,46805.217695428444,0.1362595001143719,0.7721371673147742,0.1362595001143719,0.0,5918148.72320132,0.0,0.0,0.0,21170.918600849953,0.0,0.0,0.05450380004574877,0.08175570006862314,0.0,0.0,0.0,0.0,0.05450380004574877,0.0,0.0,0.0,0.0,0.0,0.0,37010.59066884938,0.0,0.0,0.0,0.0,"{'alpha': 11.394642085167527, 'beta': np.float64(18.58838887153592)}",0.0,0.9083966674291462,0.0,0.9083966674291462,0.0,0.9083966674291462,0.0,111.98977513519512,0.0,111.98977513519512,0.0,111.98977513519512,1000.0
3,23918.885145482393,70718.63853288275,0.8196462042137267,4.644661823877785,0.8196462042137267,0.0,8996898.457401471,0.0,0.0,0.0,25177.773837349887,0.0,0.0,0.3278584816854907,0.49178772252823594,0.0,0.0,0.0,0.0,0.3278584816854907,0.0,0.0,0.0,0.0,0.0,0.0,81395.0522699794,0.0,0.0,0.0,0.0,"{'alpha': 11.394642085167527, 'beta': np.float64(18.58838887153592)}",0.0,5.464308028091511,0.0,5.464308028091511,0.0,5.464308028091511,0.0,670.5503758396637,0.0,670.5503758396637,0.0,670.5503758396637,1000.0
4,31695.1586102719,102394.94387552701,2.8279901441441,16.02527748348323,2.8279901441441,0.0,13123559.603552114,0.0,0.0,0.0,33363.32485291779,0.0,0.0,1.13119605765764,1.6967940864864597,0.0,0.0,0.0,0.0,1.13119605765764,0.0,0.0,0.0,0.0,0.0,0.0,148857.39127792386,0.0,0.0,0.0,0.0,"{'alpha': 11.394642085167527, 'beta': np.float64(18.58838887153592)}",0.0,18.85326762762733,0.0,18.85326762762733,0.0,18.85326762762733,0.0,2301.1154188461824,0.0,2301.1154188461824,0.0,2301.1154188461824,1000.0
5,43610.8345752608,145958.149133673,7.144397567228064,40.484919547625694,7.144397567228064,0.0,18871929.379000455,0.0,0.0,0.0,45906.14165816927,0.0,0.0,2.857759026891226,4.286638540336838,0.0,0.0,0.0,0.0,2.857759026891226,0.0,0.0,0.0,0.0,0.0,0.0,247218.54122205896,0.0,0.0,0.0,0.0,"{'alpha': 18.601996833341058, 'beta': np.float64(22.94771092508614)}",0.0,47.629317114853755,0.0,47.629317114853755,0.0,47.629317114853755,0.0,5777.527525017905,0.0,5777.527525017905,0.0,5777.527525017905,1000.0
6,44565.21052941176,190424.14343623904,14.88243402685144,84.33379281882482,14.88243402685144,0.0,24779302.983599216,0.0,0.0,0.0,46910.74792569659,0.0,0.0,5.9529736107405755,8.929460416110862,0.0,0.0,0.0,0.0,5.9529736107405755,0.0,0.0,0.0,0.0,0.0,0.0,388551.1405278983,0.0,0.0,0.0,0.0,"{'alpha': 18.601996833341058, 'beta': np.float64(22.94771092508614)}",0.0,99.21622684567626,0.0,99.21622684567626,0.0,99.21622684567626,0.0,11955.557058739214,0.0,11955.557058739214,0.0,11955.557058739214,1000.0
7,55388.403672127664,245631.11136588443,27.215361372346013,154.22038110996075,27.215361372346013,0.0,32172265.193388958,0.0,0.0,0.0,58303.58281276597,0.0,0.0,10.886144548938404,16.329216823407606,0.0,0.0,0.0,0.0,10.886144548938404,0.0,0.0,0.0,0.0,0.0,0.0,573877.8542358279,0.0,0.0,0.0,0.0,"{'alpha': 18.601996833341058, 'beta': np.float64(22.94771092508614)}",0.0,181.43574248230678,0.0,181.43574248230678,0.0,181.43574248230678,0.0,21712.85383326099,0.0,21712.85383326099,0.0,21712.85383326099,1000.0
8,84881.3835103953,330210.6310529544,45.279573498797376,256.58424982651843,45.279573498797376,0.0,43646457.95526454,0.0,0.0,0.0,88418.10782332845,0.0,0.0,18.11182939951895,27.167744099278423,0.0,0.0,0.0,0.0,18.11182939951895,0.0,0.0,0.0,0.0,0.0,0.0,814062.4771610948,0.0,0.0,0.0,0.0,"{'alpha': 18.601996833341058, 'beta': np.float64(22.94771092508614)}",0.0,301.86382332531576,0.0,301.86382332531576,0.0,301.86382332531576,0.0,35871.2291740016,0.0,35871.2291740016,0.0,35871.2291740016,1000.0
9,172902.18110431932,502645.8676224339,70.04168022597236,396.9028546138433,70.04168022597236,0.0,67412686.60744444,0.0,0.0,0.0,180106.43865033262,0.0,0.0,28.016672090388944,42.02500813558341,0.0,0.0,0.0,0.0,28.016672090388944,0.0,0.0,0.0,0.0,0.0,0.0,1139302.5094545882,0.0,0.0,0.0,0.0,"{'alpha': 18.601996833341058, 'beta': np.float64(22.94771092508614)}",0.0,466.9445348398157,0.0,466.9445348398157,0.0,466.9445348398157,0.0,55094.21315562939,0.0,55094.21315562939,0.0,55094.21315562939,1000.0
10,233246.7115368101,723611.8536998946,44.89546016180901,10438.61664044704,1842.1088189024188,1797.2133587406097,98344367.19286697,10184.209032863455,0.0,0.0,242965.3245175105,0.0,0.0,736.8435275609676,26.9372760970854,0.0,0.0,0.0,0.0,17.958184064723604,1078.3280152443658,0.0,0.0,0.0,0.0,718.8853434962439,1641226.2418959087,0.0,0.0,0.0,0.0,"{'alpha': 18.601996833341058, 'beta': np.float64(22.94771092508614)}",0.0,299.30306774539343,11981.422391604065,299.30306774539343,1797.2133587406097,12280.725459349458,0.0,35526.16576618116,1389068.127255443,35526.16576618116,208360.21908831646,1424594.2930216237,1000.0
11,235617.48028581837,945931.3697151594,0.8200823439841578,11303.269629970484,1994.6946405830263,1993.8745582390422,129524258.15277283,11298.622496687907,0.0,0.0,245434.87529772744,0.0,0.0,797.8778562332107,0.49204940639049466,0.0,0.0,0.0,0.0,0.3280329375936632,1196.3247349434253,0.0,0.0,0.0,0.0,797.549823295617,2267710.6705436525,0.0,0.0,0.0,0.0,"{'alpha': 18.601996833341058, 'beta': np.float64(22.94771092508614)}",0.0,5.467215626561053,13292.49705492695,5.467215626561053,1993.8745582390422,13297.964270553508,0.0,663.3409935118564,1565724.863154125,663.3409935118564,234858.72947311873,1566388.2041476367,1000.0
12,350186.4294256247,1296099.5682703885,2.734630559334153,15.496239836226867,2.734630559334153,0.0,178744016.14527822,0.0,0.0,0.0,364777.5306516925,0.0,0.0,1.0938522237336612,1.6407783356004917,0.0,0.0,0.0,0.0,1.0938522237336612,0.0,0.0,0.0,0.0,0.0,0.0,3116675.8569432595,0.0,0.0,0.0,0.0,"{'alpha': 14.998810019348499, 'beta': np.float64(24.59369141785809)}",0.0,18.23087039556102,0.0,18.23087039556102,0.0,18.23087039556102,0.0,2198.277348813012,0.0,2198.277348813012,0.0,2198.277348813012,1000.0
13,839139.0133330857,2135184.5651322035,8.102470690591232,45.91400058001699,8.102470690591232,0.0,298699170.15529066,0.0,0.0,0.0,874103.1388886309,0.0,0.0,3.240988276236493,4.8614824143547395,0.0,0.0,0.0,0.0,3.240988276236493,0.0,0.0,0.0,0.0,0.0,0.0,4457091.933111929,0.0,0.0,0.0,0.0,"{'alpha': 14.998810019348499, 'beta': np.float64(24.59369141785809)}",0.0,54.016471270608214,0.0,54.016471270608214,0.0,54.016471270608214,0.0,6472.166897976622,0.0,6472.166897976622,0.0,6472.166897976622,1000.0
14,1056326.0268273894,3191365.599399152,21.748884066114172,123.24367637464698,21.748884066114172,0.0,450430526.20278466,0.0,0.0,0.0,1100339.6112785304,0.0,0.0,8.69955362644567,13.049330439668505,0.0,0.0,0.0,0.0,8.69955362644567,0.0,0.0,0.0,0.0,0.0,0.0,6696803.134642639,0.0,0.0,0.0,0.0,"{'alpha': 14.998810019348499, 'beta': np.float64(24.59369141785809)}",0.0,144.99256044076114,0.0,144.99256044076114,0.0,144.99256044076114,0.0,17260.99954130917,0.0,17260.99954130917,0.0,17260.99954130917,1000.0
15,2366560.9611428566,5557569.059547236,53.625149215927436,303.87584555692223,53.625149215927436,0.0,794894476.7927532,0.0,0.0,0.0,2439753.5681885118,0.0,0.0,21.45005968637098,32.175089529556466,0.0,0.0,0.0,0.0,21.45005968637098,0.0,0.0,0.0,0.0,0.0,0.0,10073477.722514955,0.0,0.0,0.0,0.0,"{'alpha': 15.59939091398332, 'beta': np.float64(25.59433812943285)}",0.0,357.5009947728496,0.0,357.5009947728496,0.0,357.5009947728496,0.0,42281.75151052174,0.0,42281.75151052174,0.0,42281.75151052174,1000.0
16,4302348.95431788,9859101.13488539,122.53184695880293,694.34713276655,122.53184695880293,0.0,1438491483.7902484,0.0,0.0,0.0,4435411.293111216,0.0,0.0,49.01273878352117,73.51910817528176,0.0,0.0,0.0,0.0,49.01273878352117,0.0,0.0,0.0,0.0,0.0,0.0,16031046.638985574,0.0,0.0,0.0,0.0,"{'alpha': 13.317035575347017, 'beta': np.float64(27.239465063581083)}",0.0,816.8789797253529,0.0,816.8789797253529,0.0,816.8789797253529,0.0,95976.52855905452,0.0,95976.52855905452,0.0,95976.52855905452,1000.0
17,4109264.61416883,13948190.125723766,126.48000273450835,17149.279830886437,3026.3434995681937,2899.8634968336855,2058205509.0979438,16432.559815390887,0.0,0.0,4236355.272339,0.0,0.0,1210.5373998272778,75.888001640705,0.0,0.0,0.0,0.0,50.59200109380333,1739.9180981002112,0.0,0.0,0.0,0.0,1159.9453987334743,26809574.510843657,0.0,0.0,0.0,0.0,"{'alpha': 6.584769167950776, 'beta': np.float64(26.430972781082065)}",0.0,843.2000182300555,19332.42331222457,843.2000182300555,2899.8634968336855,20175.623330454626,0.0,99910.56671374665,2224128.579163826,99910.56671374665,333619.28687457385,2324039.1458775736,1000.0
18,4927385.5839,18851888.357856896,104.40464006907897,20134.249001840304,3553.1027650306423,3448.698124961563,2828385683.7951593,19542.622708115523,0.0,0.0,5079778.952474226,0.0,0.0,1421.241106012257,62.642784041447364,0.0,0.0,0.0,0.0,41.76185602763158,2069.2188749769375,0.0,0.0,0.0,0.0,1379.4792499846253,41969442.506364115,0.0,0.0,0.0,0.0,"{'alpha': 13.3355179991933, 'beta': np.float64(28.369077697776603)}",0.0,696.0309337938597,22991.320833077087,696.0309337938597,3448.698124961563,23687.351766870943,0.0,82940.00426419076,2682037.404285789,82940.00426419076,402305.6106428683,2764977.4085499793,1000.0
19,5293883.732576686,24115301.305847798,0.7126356559451462,25900.166897914936,4570.617687867341,4569.905052211397,3666472278.027803,25896.128629197912,0.0,0.0,5457612.095439883,0.0,0.0,1828.247075146937,0.42758139356708774,0.0,0.0,0.0,0.0,0.28505426237805853,2741.943031326838,0.0,0.0,0.0,0.0,1827.9620208845588,62852488.825223565,0.0,0.0,0.0,0.0,"{'alpha': 14.758570636219776, 'beta': np.float64(30.241772588998007)}",0.0,4.750904372967643,30466.03368140931,4.750904372967643,4569.905052211397,30470.78458578228,0.0,583.348065844923,3602978.2008269327,583.348065844923,540446.7301240399,3603561.548892777,1000.0
20,6188184.5481529385,30303466.864091717,2.8484863532350415,16.141422668331902,2.8484863532350415,0.0,4690962744.052903,0.0,0.0,0.0,6379571.69912674,0.0,0.0,1.1393945412940165,1.7090918119410248,0.0,0.0,0.0,0.0,1.1393945412940165,0.0,0.0,0.0,0.0,0.0,0.0,89920245.74890968,0.0,0.0,0.0,0.0,"{'alpha': 15.553193228867622, 'beta': np.float64(33.17257719100317)}",0.0,18.989909021566945,0.0,18.989909021566945,0.0,18.989909021566945,0.0,2365.075691351492,0.0,2365.075691351492,0.0,2365.075691351492,1000.0
21,9131453.119954282,39434849.97698855,10.501058617584267,59.50599883297751,10.501058617584267,0.0,6253775995.5547085,0.0,0.0,0.0,9413869.195829157,0.0,0.0,4.200423447033707,6.300635170550559,0.0,0.0,0.0,0.0,4.200423447033707,0.0,0.0,0.0,0.0,0.0,0.0,125102225.09049459,0.0,0.0,0.0,0.0,"{'alpha': 15.553193228867622, 'beta': np.float64(33.17257719100317)}",0.0,70.00705745056177,0.0,70.00705745056177,0.0,70.00705745056177,0.0,8823.909796959937,0.0,8823.909796959937,0.0,8823.909796959937,1000.0
22,12122476.894372879,51557096.66730627,34.530608273905514,195.67344688546459,34.530608273905514,0.0,8352521991.503885,0.0,0.0,0.0,12497398.860178225,0.0,0.0,13.812243309562206,20.71836496434331,0.0,0.0,0.0,0.0,13.812243309562206,0.0,0.0,0.0,0.0,0.0,0.0,172004650.1507012,0.0,0.0,0.0,0.0,"{'alpha': 16.900574360702034, 'beta': np.float64(33.3146988467881)}",0.0,230.20405515937,0.0,230.20405515937,0.0,230.20405515937,0.0,29094.388163077743,0.0,29094.388163077743,0.0,29094.388163077743,1000.0
23,11744050.210043479,63300467.566134915,101.89668222617134,577.4145326149709,101.89668222617134,0.0,10419585556.95173,0.0,0.0,0.0,12107268.257776782,0.0,0.0,40.75867289046853,61.1380093357028,0.0,0.0,0.0,0.0,40.75867289046853,0.0,0.0,0.0,0.0,0.0,0.0,265757844.4911945,0.0,0.0,0.0,0.0,"{'alpha': 19.03870686021056, 'beta': np.float64(34.45698512438391)}",0.0,679.3112148411423,0.0,679.3112148411423,0.0,679.3112148411423,0.0,85421.31446837675,0.0,85421.31446837675,0.0,85421.31446837675,1000.0
24,11830582.45565625,75129216.992367,274.9544136218325,1558.0750105237175,274.9544136218325,0.0,12550921250.405998,0.0,0.0,0.0,12196476.758408505,0.0,0.0,109.981765448733,164.9726481730995,0.0,0.0,0.0,0.0,109.981765448733,0.0,0.0,0.0,0.0,0.0,0.0,405656133.99562585,0.0,0.0,0.0,0.0,"{'alpha': 21.604257360435376, 'beta': np.float64(35.59883485340328)}",0.0,1833.02942414555,0.0,1833.02942414555,0.0,1833.02942414555,0.0,228254.85767863147,0.0,228254.85767863147,0.0,228254.85767863147,1000.0
25,11809980.0,86894250.36767685,392.7315234979526,38204.63098662871,6741.993703522714,6349.262180024761,14720223066.2687,35979.15235347365,0.0,0.0,12175237.113402061,0.0,0.0,2696.797481409086,235.63891409877155,0.0,0.0,0.0,0.0,157.09260939918101,3809.557308014856,0.0,0.0,0.0,0.0,2539.7048720099046,593098849.7772415,0.0,0.0,0.0,0.0,"{'alpha': 16.199948952041623, 'beta': np.float64(39.89240567332984)}",0.0,2618.2101566530177,42328.414533498406,2618.2101566530177,6349.262180024761,44946.62469015143,0.0,337218.1381771522,4886465.380542725,337218.1381771522,732969.8070814087,5223683.518719877,1000.0
26,12307280.38277512,99153989.12874219,643.0343396908097,40410.37845330999,7131.243256466468,6488.208916775658,17050886706.7949,36766.517195062064,0.0,0.0,12687917.920386722,0.0,0.0,2852.497302586587,385.82060381448576,0.0,0.0,0.0,0.0,257.2137358763239,3892.9253500653945,0.0,0.0,0.0,0.0,2595.283566710263,828202934.2998673,0.0,0.0,0.0,0.0,"{'alpha': 16.199948952041623, 'beta': np.float64(39.89240567332984)}",0.0,4286.895597938732,43254.72611183772,4286.895597938732,6488.208916775658,47541.62170977645,0.0,561826.2882327129,5060375.955312198,561826.2882327129,759056.3932968297,5622202.243544909,1000.0
27,13275563.033175355,112368446.3800047,1101.919415431012,51939.91462592574,9165.867286928073,8063.94787149706,19556764571.8188,45695.70460515001,0.0,0.0,13686147.456881808,0.0,0.0,3666.346914771229,661.1516492586074,0.0,0.0,0.0,0.0,440.7677661724049,4838.368722898236,0.0,0.0,0.0,0.0,3225.5791485988243,1115270865.506776,0.0,0.0,0.0,0.0,"{'alpha': 16.199948952041623, 'beta': np.float64(39.89240567332984)}",0.0,7346.129436206749,53759.65247664707,7346.129436206749,8063.94787149706,61105.78191285381,0.0,968866.5340141135,6345870.561011662,968866.5340141135,951880.5841517493,7314737.095025775,1000.0
28,13953991.45273575,126227723.91449994,1849.2834574042035,80506.83050444683,14207.087736078855,12357.80427867465,22251931147.994576,70027.55757915635,0.0,0.0,14385558.19869665,0.0,0.0,5682.835094431542,1109.5700744425221,0.0,0.0,0.0,0.0,739.7133829616815,7414.68256720479,0.0,0.0,0.0,0.0,4943.12171146986,1457973004.704098,0.0,0.0,0.0,0.0,"{'alpha': 16.199948952041623, 'beta': np.float64(39.89240567332984)}",0.0,12328.556382694691,82385.361857831,12328.556382694691,12357.80427867465,94713.91824052569,0.0,1628975.9037156303,9811510.998528805,1628975.9037156303,1471726.6497793207,11440486.902244432,1000.0
29,14884274.625462618,140925987.92814827,2728.9187421206675,158109.02004214536,27901.591772143303,25172.673030022637,25147331691.084053,142645.14717012827,0.0,0.0,15344613.015940843,0.0,0.0,11160.63670885732,1637.3512452724,0.0,0.0,0.0,0.0,1091.567496848267,15103.603818013582,0.0,0.0,0.0,0.0,10069.069212009055,1860140264.5174985,0.0,0.0,0.0,0.0,"{'alpha': 16.199948952041623, 'beta': np.float64(39.89240567332984)}",0.0,18192.791614137783,167817.82020015092,18192.791614137783,25172.673030022637,186010.61181428866,0.0,2423354.4705786672,20162350.154573984,2423354.4705786672,3024352.5231860974,22585704.625152647,1000.0
30,15972467.307059461,156646425.87196505,3846.2255476272626,214224.95875625237,37804.40448639748,33958.178938770216,28265429211.097733,192429.68065303122,0.0,0.0,16466461.141298415,0.0,0.0,15121.761794558994,2307.7353285763575,0.0,0.0,0.0,0.0,1538.490219050905,20374.90736326213,0.0,0.0,0.0,0.0,13583.271575508086,2325199726.8955708,0.0,0.0,0.0,0.0,"{'alpha': 16.199948952041623, 'beta': np.float64(39.89240567332984)}",0.0,25641.503650848423,226387.85959180142,25641.503650848423,33958.178938770216,252029.36324264985,0.0,3442238.9422700624,27437225.09646465,3442238.9422700624,4115583.7644696976,30879464.038734715,1000.0
31,17196783.081117153,173577728.8803893,5518.673875390455,225658.06178899124,39822.01090393961,34303.33702854917,31633779375.23208,194385.57649511198,0.0,0.0,17728642.35166717,0.0,0.0,15928.80436157585,3311.204325234272,0.0,0.0,0.0,0.0,2207.469550156182,20582.002217129502,0.0,0.0,0.0,0.0,13721.334811419669,2858634037.6842265,0.0,0.0,0.0,0.0,"{'alpha': 16.199948952041623, 'beta': np.float64(39.89240567332984)}",0.0,36791.159169269704,228688.91352366115,36791.159169269704,34303.33702854917,265480.0726929308,0.0,4950291.930388058,27956542.210176222,4950291.930388058,4193481.3315264327,32906834.14056428,1000.0
32,18553654.672567826,192067950.4301815,9514.968416340169,53918.15435926095,9514.968416340169,0.0,35302046425.32401,0.0,0.0,0.0,19127479.043884356,0.0,0.0,3805.987366536067,5708.981049804101,0.0,0.0,0.0,0.0,3805.987366536067,0.0,0.0,0.0,0.0,0.0,0.0,3466993992.887404,0.0,0.0,0.0,0.0,"{'alpha': 17.000661636958924, 'beta': np.float64(41.89350534462141)}",0.0,63433.122775601114,0.0,63433.122775601114,0.0,63433.122775601114,0.0,8408125.675569236,0.0,8408125.675569236,0.0,8408125.675569236,1000.0
33,20046363.85194253,199563902.03731692,1832345.175078495,10667850.408086056,1882561.8367210692,50216.661642574145,37545898004.02234,284561.08264125354,0.0,0.0,20666354.486538693,0.0,0.0,753024.7346884275,1099407.1050470965,0.0,0.0,0.0,0.0,732938.0700313979,30129.996985544487,0.0,0.0,0.0,0.0,20086.664657029658,4160825150.161397,0.0,0.0,0.0,0.0,"{'alpha': 17.000661636958924, 'beta': np.float64(41.89350534462141)}",12122476.876559569,93157.62396372957,334777.74428382766,12215634.500523297,50216.661642574145,12550412.244807124,1679933278.899207,12298048.373673154,40967984.98743078,1692231327.27288,6145197.748114617,1733199312.260311,1000.0
34,21682081.609849934,208580854.4736141,1779437.0148596186,10765359.797519848,1899769.376032914,120332.36117329558,40081425516.9454,681883.3799820084,0.0,0.0,22352661.45345354,0.0,0.0,759907.7504131658,1067662.2089157712,0.0,0.0,0.0,0.0,711774.8059438475,72199.41670397735,0.0,0.0,0.0,0.0,48132.94446931823,4432044954.024662,0.0,0.0,0.0,0.0,"{'alpha': 17.000661636958924, 'beta': np.float64(41.89350534462141)}",11744050.209350446,118863.2230470105,802215.7411553039,11862913.432397459,120332.36117329558,12665129.173552763,1691854944.6364646,15729398.018608628,99007202.82446782,1707584342.6550732,14851080.423670173,1806591545.479541,1000.0
35,23470091.994101755,219065736.25623974,1796304.5976767712,11037428.679754704,1947781.531721418,151476.93404464674,42894995125.96005,858369.2929196649,0.0,0.0,24195971.12793995,0.0,0.0,779112.6126885674,1077782.7586060625,0.0,0.0,0.0,0.0,718521.8390707087,90886.16042678805,0.0,0.0,0.0,0.0,60590.7736178587,4747516361.38528,0.0,0.0,0.0,0.0,"{'alpha': 17.000661636958924, 'beta': np.float64(41.89350534462141)}",11830582.455641806,144781.5288700033,1009846.2269643117,11975363.984511811,151476.93404464674,12985210.211476121,1778421737.886364,19207330.980644044,125686142.41670795,1797629068.8670084,18852921.36250619,1923315211.2837164,1000.0
36,25421660.027755346,232453429.6710544,1805094.991941102,10228871.62099958,1805094.991941102,0.0,46181731400.403824,0.0,0.0,0.0,26207896.935830254,0.0,0.0,722037.996776441,1083056.995164661,0.0,0.0,0.0,0.0,722037.996776441,0.0,0.0,0.0,0.0,0.0,0.0,5098404238.513662,0.0,0.0,0.0,0.0,"{'alpha': 17.000661636958924, 'beta': np.float64(41.89350534462141)}",11809979.997823002,223986.61511767926,0.0,12033966.612940682,0.0,12033966.612940682,1849296553.9807684,29375348.253878027,0.0,1878671902.2346463,0.0,1878671902.2346463,1000.0
37,27549700.76353507,245194619.03116933,1882139.9687186477,12587234.692907117,2221276.710513021,339136.7417943731,49483625986.94304,1921774.8701681143,0.0,0.0,28111939.554627623,0.0,0.0,888510.6842052084,1129283.9812311884,0.0,0.0,0.0,0.0,752855.9874874592,203482.04507662385,0.0,0.0,0.0,0.0,135654.69671774923,5522663623.584457,0.0,0.0,0.0,0.0,"{'alpha': 17.000661636958924, 'beta': np.float64(41.89350534462141)}",12307280.38050645,240319.41095120116,2260911.6119624875,12547599.791457651,339136.7417943731,14808511.40342014,2013890176.3402216,31704980.234686363,281625683.46163017,2045595156.5749083,42243852.519244514,2327220840.036538,1000.0
38,29868496.360916805,261445261.0937775,2042678.144746292,11575176.153562319,2042678.144746292,0.0,53381871797.73341,0.0,0.0,0.0,30478057.511139598,0.0,0.0,817071.2578985167,1225606.886847775,0.0,0.0,0.0,0.0,817071.2578985167,0.0,0.0,0.0,0.0,0.0,0.0,5927770561.346852,0.0,0.0,0.0,0.0,"{'alpha': 17.000661636958924, 'beta': np.float64(41.89350534462141)}",13275563.030728195,342291.26758041757,0.0,13617854.298308613,0.0,13617854.298308613,2193122078.3373866,44794186.04628411,0.0,2237916264.3836703,0.0,2237916264.3836703,1000.0
39,32394073.532508485,275526660.0593515,2138001.7782451464,15565773.381894305,2746901.1850401713,608899.4067950252,57124739857.23092,3450429.9718384766,0.0,0.0,33055177.073988248,0.0,0.0,1098760.4740160687,1282801.0669470879,0.0,0.0,0.0,0.0,855200.7112980585,365339.6440770151,0.0,0.0,0.0,0.0,243559.7627180101,6418289940.90689,0.0,0.0,0.0,0.0,"{'alpha': 17.000661636958924, 'beta': np.float64(41.89350534462141)}",13953991.450163534,299353.7381374431,4059329.378633502,14253345.188300978,608899.4067950252,18312674.566934474,2388311354.0072017,39401368.36220361,515505251.92710984,2427712722.369405,77325787.78906646,2943217974.2965145,1000.0
40,35143738.07771132,292648583.1450909,2246052.2707417193,15318542.743176188,2703272.248795798,457219.9780540787,61405587176.568634,2590913.2089731125,0.0,0.0,35860957.22215441,0.0,0.0,1081308.8995183192,1347631.3624450313,0.0,0.0,0.0,0.0,898420.9082966878,274331.98683244723,0.0,0.0,0.0,0.0,182887.9912216315,6848875250.291607,0.0,0.0,0.0,0.0,"{'alpha': 17.000661636958924, 'beta': np.float64(41.89350534462141)}",14884274.622718915,89407.1822258788,3048133.1870271913,14973681.804944795,457219.9780540787,18021814.991971992,2600868701.1370296,12194572.250126908,394781247.6731902,2613063273.387156,59217187.15097853,3007844521.0603466,1000.0
41,38136898.13735074,314656476.8397467,2419350.666404231,13709653.776290638,2419350.666404231,0.0,66495451838.38652,0.0,0.0,0.0,38915202.18097014,0.0,0.0,967740.2665616923,1451610.3998425384,0.0,0.0,0.0,0.0,967740.2665616923,0.0,0.0,0.0,0.0,0.0,0.0,7348731697.629431,0.0,0.0,0.0,0.0,"{'alpha': 17.000661636958924, 'beta': np.float64(41.89350534462141)}",15972467.304115165,156537.13857970628,0.0,16129004.44269487,0.0,16129004.44269487,2832351383.518117,21207831.275995113,0.0,2853559214.7941127,0.0,2853559214.7941127,1000.0
42,41394344.53249593,334164415.2978212,2587549.3651584233,18603445.163258187,3282960.911163209,695411.546004786,71437642204.41205,3940665.4273604546,0.0,0.0,42239127.073975444,0.0,0.0,1313184.3644652837,1552529.619095054,0.0,0.0,0.0,0.0,1035019.7460633693,417246.9276028716,0.0,0.0,0.0,0.0,278164.6184019144,7969935644.094769,0.0,0.0,0.0,0.0,"{'alpha': 17.000661636958924, 'beta': np.float64(41.89350534462141)}",17196783.07794717,53546.02310898712,4636076.973365241,17250329.10105616,695411.546004786,21886406.074421402,3084426589.4446216,7426477.684190534,619160141.8925647,3091853067.1288123,92874021.28388469,3711013209.021377,1000.0
43,44938994.43588614,360452096.7719117,2797696.944269343,15853616.01752628,2797696.944269343,0.0,77495896804.14536,0.0,0.0,0.0,45856116.771312386,0.0,0.0,1119078.7777077372,1678618.1665616059,0.0,0.0,0.0,0.0,1119078.7777077372,0.0,0.0,0.0,0.0,0.0,0.0,8519428105.584894,0.0,0.0,0.0,0.0,"{'alpha': 17.000661636958924, 'beta': np.float64(41.89350534462141)}",18553654.672076322,97658.28971930123,0.0,18651312.96179562,0.0,18651312.96179562,3358944715.245744,13455299.166622188,0.0,3372400014.4123664,0.0,3372400014.4123664,1000.0
44,48795766.53103669,389029043.9962969,3032822.895997738,17185996.410653844,3032822.895997738,0.0,84086620143.03818,0.0,0.0,0.0,49791598.50105785,0.0,0.0,1213129.158399095,1819693.7375986425,0.0,0.0,0.0,0.0,1213129.158399095,0.0,0.0,0.0,0.0,0.0,0.0,9247980806.973278,0.0,0.0,0.0,0.0,"{'alpha': 17.000661636958924, 'beta': np.float64(41.89350534462141)}",20046363.851411488,172455.4552400963,0.0,20218819.30665158,0.0,20218819.30665158,3657884400.960697,23606398.19172225,0.0,3681490799.1524186,0.0,3681490799.1524186,1000.0
45,52992036.17296572,415290595.6214334,3261920.0725505915,22720911.86565479,4009572.682174374,747652.6096237826,90614738369.84999,4236698.121201435,0.0,0.0,54073506.29894461,0.0,0.0,1603829.0728697497,1957152.0435303547,0.0,0.0,0.0,0.0,1304768.0290202366,448591.5657742695,0.0,0.0,0.0,0.0,299061.04384951305,10037119567.773973,0.0,0.0,0.0,0.0,"{'alpha': 17.000661636958924, 'beta': np.float64(41.89350534462141)}",21682081.609275557,64052.20772838808,4984350.730825217,21746133.817003947,747652.6096237826,26730484.547829162,3983444137.1349115,9170869.594717091,668020207.7679812,3992615006.729629,100203031.16519716,4660635214.497609,1000.0
46,57557230.71348161,449262691.85124797,3537770.1725500575,20047364.311117,3537770.1725500575,0.0,98452127901.64096,0.0,0.0,0.0,58731868.07498124,0.0,0.0,1415108.0690200233,2122662.103530035,0.0,0.0,0.0,0.0,1415108.0690200233,0.0,0.0,0.0,0.0,0.0,0.0,10748284461.121738,0.0,0.0,0.0,0.0,"{'alpha': 17.000661636958924, 'beta': np.float64(41.89350534462141)}",23470091.993480016,115042.49018703886,0.0,23585134.483667053,0.0,23585134.483667053,4337968979.830874,16352124.944251494,0.0,4354321104.775126,0.0,4354321104.775126,1000.0
47,62523763.31726833,486163856.19684774,3843389.84575028,21779209.12591825,3843389.84575028,0.0,106978213234.33383,0.0,0.0,0.0,63799758.4870085,0.0,0.0,1537355.9383001123,2306033.907450168,0.0,0.0,0.0,0.0,1537355.9383001123,0.0,0.0,0.0,0.0,0.0,0.0,11676882100.519705,0.0,0.0,0.0,0.0,"{'alpha': 17.000661636958924, 'beta': np.float64(41.89350534462141)}",25421660.027081907,200938.9445866304,0.0,25622598.971668534,0.0,25622598.971668534,4724042154.867413,28354537.89136093,0.0,4752396692.758773,0.0,4752396692.758773,1000.0
48,67926724.36205113,520439568.99411225,4156420.2170305448,28603359.83006863,5047651.734717993,891231.5176874486,115454859744.17451,5050311.93356221,0.0,0.0,69312984.04290931,0.0,0.0,2019060.6938871974,2493852.1302183266,0.0,0.0,0.0,0.0,1662568.086812218,534738.9106124692,0.0,0.0,0.0,0.0,356492.60707497946,12683861799.109154,0.0,0.0,0.0,0.0,"{'alpha': 17.000661636958924, 'beta': np.float64(41.89350534462141)}",27549700.762805253,159767.35073171087,5941543.451249658,27709468.113536965,891231.5176874486,33651011.56478662,5144485057.819694,22816551.201317854,818092914.1786823,5167301609.021011,122713937.12680234,5985394523.199694,1000.0
49,73804336.2589754,555607906.0706925,4480274.454149679,32840599.305035822,5795399.877359264,1315125.423209584,124366803098.91043,7452377.398187644,0.0,0.0,75310547.20303613,0.0,0.0,2318159.950943705,2688164.672489807,0.0,0.0,0.0,0.0,1792109.7816598716,789075.2539257504,0.0,0.0,0.0,0.0,526050.1692838337,13582342761.193674,0.0,0.0,0.0,0.0,"{'alpha': 17.000661636958924, 'beta': np.float64(41.89350534462141)}",29868496.360125564,0.0008722945574555685,8767502.821397228,29868496.36099786,1315125.423209584,38635999.18239508,5602338933.268756,0.16891141472812443,1242705999.9730682,5602338933.437666,186405899.9959602,6845044933.410734,1000.0
50,80198309.55040929,603412142.0885051,4859111.029889508,27534962.50270722,4859111.029889508,0.0,135435431551.99654,0.0,0.0,0.0,81835009.7453156,0.0,0.0,1943644.4119558034,2915466.617933705,0.0,0.0,0.0,0.0,1943644.4119558034,0.0,0.0,0.0,0.0,0.0,0.0,14473611569.015488,0.0,0.0,0.0,0.0,"{'alpha': 17.000661636958924, 'beta': np.float64(41.89350534462141)}",32394073.53165034,0.0009463878392261579,0.0,32394073.532596722,0.0,32394073.532596722,6100956478.553925,0.18394427988457987,0.0,6100956478.737868,0.0,6100956478.737868,1000.0
51,87154009.03785565,655422413.0485533,5271560.711671105,29872177.36613626,5271560.711671105,0.0,147489192096.8814,0.0,0.0,0.0,88932662.28352618,0.0,0.0,2108624.284668442,3162936.4270026633,0.0,0.0,0.0,0.0,2108624.284668442,0.0,0.0,0.0,0.0,0.0,0.0,15761760341.875021,0.0,0.0,0.0,0.0,"{'alpha': 17.000661636958924, 'beta': np.float64(41.89350534462141)}",35143738.07678033,0.0010270386909581478,0.0,35143738.07780737,0.0,35143738.07780737,6643928560.770876,0.20031556685855828,0.0,6643928560.97119,0.0,6643928560.97119,1000.0
52,94720713.5624859,712006228.473584,5720534.72061829,32416363.41683698,5720534.72061829,0.0,160615732567.00586,0.0,0.0,0.0,96653789.34947541,0.0,0.0,2288213.8882473162,3432320.832370974,0.0,0.0,0.0,0.0,2288213.8882473162,0.0,0.0,0.0,0.0,0.0,0.0,17164558128.953373,0.0,0.0,0.0,0.0,"{'alpha': 17.000661636958924, 'beta': np.float64(41.89350534462141)}",38136898.13634046,0.0011148086265298988,0.0,38136898.137455285,0.0,38136898.137455285,7235249103.526026,0.2181436480746482,0.0,7235249103.74417,0.0,7235249103.74417,1000.0
53,102952062.6569731,773563946.5979475,6209151.679891451,35185192.852718234,6209151.679891451,0.0,174910520408.61105,0.0,0.0,0.0,105053125.16017663,0.0,0.0,2483660.6719565806,3725491.0079348707,0.0,0.0,0.0,0.0,2483660.6719565806,0.0,0.0,0.0,0.0,0.0,0.0,18692201949.145283,0.0,0.0,0.0,0.0,"{'alpha': 17.000661636958924, 'beta': np.float64(41.89350534462141)}",41394344.53139936,0.001210315187709269,0.0,41394344.53260968,0.0,41394344.53260968,7879186841.683108,0.23755832868371632,0.0,7879186841.920666,0.0,7879186841.920666,1000.0
54,111906686.85956565,840531639.0215032,6740849.165401485,38198145.27060842,6740849.165401485,0.0,190477559671.99582,0.0,0.0,0.0,114190496.79547514,0.0,0.0,2696339.6661605937,4044509.4992408906,0.0,0.0,0.0,0.0,2696339.6661605937,0.0,0.0,0.0,0.0,0.0,0.0,20355805640.026646,0.0,0.0,0.0,0.0,"{'alpha': 17.000661636958924, 'beta': np.float64(41.89350534462141)}",44938994.43469567,0.0013142307635296887,0.0,44938994.43600989,0.0,44938994.43600989,8580431887.367085,0.25870076834396605,0.0,8580431887.625787,0.0,8580431887.625787,1000.0
55,121647993.108427,913383865.5987589,7319364.979675702,41476401.55149564,7319364.979675702,0.0,207430063749.7165,0.0,0.0,0.0,124130605.21268062,0.0,0.0,2927745.991870281,4391618.9878054205,0.0,0.0,0.0,0.0,2927745.991870281,0.0,0.0,0.0,0.0,0.0,0.0,22167470840.40504,0.0,0.0,0.0,0.0,"{'alpha': 17.000661636958924, 'beta': np.float64(41.89350534462141)}",48795766.52974405,0.0014272915745823223,0.0,48795766.53117134,0.0,48795766.53117134,9344077409.213663,0.2817253576855404,0.0,9344077409.495388,0.0,9344077409.495388,1000.0
