,mat_extraction,mat_MFG_virgin,mat_MFG_virgin_fuel,mat_MFGScrap_LQ,mat_MFGScrap_HQ,mat_MFGScrap_HQ_fuel,mat_Landfill,mat_Landfill_fuel,mat_EoL_ReMFG_clean,mat_Recycled_LQ,mat_Recycled_HQ,mat_Recycled_HQ_fuel,mat_Recycled_HQ_elec
0,242879.19918375814,5537489045.132148,1052122918.575108,7176688.595236209,0.0,0.0,322950.9867856294,0.0,0.0,0.0,0.0,0.0,0.0
1,258993.08722819434,5522492889.735353,1104498577.9470706,7805884.556743436,0.0,0.0,351265.8046823969,0.0,0.0,0.21532125843760658,0.0,0.0,0.0
2,356615.3876762697,7293893636.798168,1458778727.359634,10958905.900513602,0.0,0.0,493172.175018,0.0,0.0,4.611630562834883,0.0,0.0,0.0
3,407615.1674684486,7920856827.505112,1663379933.7760737,12767033.000166608,0.0,0.0,574644.9589658881,0.0,0.0,27.673442841330377,0.0,0.0,0.0
4,519088.0872432056,9583625297.740568,2108397565.5029252,16565272.998321244,0.0,0.0,745879.7644822559,0.0,0.0,95.31062095851563,0.0,0.0,0.0
5,686330.9355358318,9825247996.639795,2358059519.193551,22307969.375674333,0.0,0.0,1004975.2022094494,0.0,0.0,240.51272032409076,0.0,0.0,0.0
6,673851.9414647992,8944336791.862028,2236084197.965507,22300586.57379248,0.0,0.0,1005850.5848139647,0.0,0.0,500.6330626393534,0.0,0.0,0.0
7,804527.1492257589,9123976303.441748,2463473601.9292717,27100626.78411311,0.0,0.0,1223776.1504691686,0.0,0.0,915.0124252188767,0.0,0.0,0.0
8,1171788.7350349,11045205017.165741,3424013555.3213797,39848679.315602325,0.0,0.0,1800255.2022538749,0.0,0.0,1521.730328868206,0.0,0.0,0.0
9,2089208.2787175141,18516531665.405533,5740124816.275716,66939400.222491026,0.0,0.0,3023197.370305646,0.0,0.0,2353.1201493915937,0.0,0.0,0.0
10,2741401.2747457623,25315691152.387707,7341550434.192435,102002140.66603093,0.0,0.0,4879688.571675734,0.0,0.0,62378.51194493112,0.0,0.0,0.0
11,2694071.300258274,23826940155.954556,6909812645.226822,114858079.18258782,0.0,0.0,5476189.1540986765,0.0,0.0,66252.14666283793,0.0,0.0,0.0
12,3895910.6680802605,34676721674.448784,10056249285.590147,171990229.6110531,0.0,0.0,7739969.929282662,0.0,0.0,88.22763280002009,0.0,0.0,0.0
13,9084695.237653973,81637240010.22823,22858427202.863903,415206986.5112385,0.0,0.0,18685526.60776458,0.0,0.0,261.11249517520645,0.0,0.0,0.0
14,11129997.821918147,98695363395.51552,26647748116.78919,514259911.87991333,0.0,0.0,23144946.547465988,0.0,0.0,700.1643230781374,0.0,0.0,0.0
15,15422507.03710905,133851441074.84248,36139889090.20747,539593586.0988555,0.0,0.0,24289718.47043806,0.0,0.0,1724.7379622103658,0.0,0.0,0.0
16,27431404.24384306,226192280322.66693,63333838490.34674,968601225.0235445,0.0,0.0,43605334.840096936,0.0,0.0,3937.4720597594005,0.0,0.0,0.0
17,26353025.54339625,215102065480.70157,60228578334.596436,962738675.8302674,0.0,0.0,43780027.402349025,0.0,0.0,98392.45880172265,0.0,0.0,0.0
18,30334557.294723906,239997623388.43527,67199334548.76188,1098226443.1847603,0.0,0.0,49945835.262403555,0.0,0.0,113224.62446727813,0.0,0.0,0.0
19,31982252.37677371,250162908382.8908,70045614347.20943,1170207587.7528865,0.0,0.0,53321832.498917215,0.0,0.0,142701.35703550486,0.0,0.0,0.0
20,36554081.56899693,287029723463.2934,77498025335.08922,1346439095.3271081,0.0,0.0,60590137.467751876,0.0,0.0,81.45999612629504,0.0,0.0,0.0
21,50316567.71222006,385228187127.0017,104011610524.29047,1776945460.2006922,0.0,0.0,79963885.83911912,0.0,0.0,288.66560861435863,0.0,0.0,0.0
22,59311957.18363103,445037130295.986,120160025179.91623,1871568915.8943467,0.0,0.0,84224913.16798694,0.0,0.0,928.7997288841187,0.0,0.0,0.0
23,51807149.99834039,393783473219.966,98445868304.9915,1495492527.5437317,0.0,0.0,67309819.92721216,0.0,0.0,2726.1578339754756,0.0,0.0,0.0
24,49258253.30786847,377539405785.38403,90609457388.49217,1387982093.4315426,0.0,0.0,62493509.64653415,0.0,0.0,7391.5868852418835,0.0,0.0,0.0
25,46531521.29198641,380642854336.6076,83741427954.05368,1270762386.5469444,0.0,0.0,58129779.230927736,0.0,0.0,203655.7536489478,0.0,0.0,0.0
26,48075238.77948644,397155750813.95416,83402707670.93037,1332630001.2316468,0.0,0.0,60937075.09459048,0.0,0.0,208664.52109130225,0.0,0.0,0.0
27,51699919.0240705,422896998920.2799,84579399784.05598,1456134847.6134694,0.0,0.0,66731474.9053092,0.0,0.0,259646.0447394909,0.0,0.0,0.0
28,51919473.82831628,424064863655.79626,84812972731.15926,1407887120.2698703,0.0,0.0,65170842.00688905,0.0,0.0,391151.66284219874,0.0,0.0,0.0
29,52590724.99479552,430285436582.41815,86057087316.48363,1354951856.810252,0.0,0.0,64467759.578784205,0.0,0.0,752811.2056699828,0.0,0.0,0.0
30,55060863.004299045,451268176242.0083,90253635248.40166,1393998333.3542223,0.0,0.0,208017817.87183195,0.0,0.0,31295184.247903492,0.0,0.0,0.0
31,57930833.248396404,474986114222.94055,94997222844.5881,1446271589.6944315,0.0,0.0,202649295.96499705,0.0,0.0,29632110.808561698,0.0,0.0,0.0
32,61242232.12245585,502314714536.00757,100462942907.20152,1513203999.8858602,0.0,0.0,201134199.55948284,0.0,0.0,28656977.82759702,0.0,0.0,0.0
33,64708991.22509202,530968583804.0858,106193716760.81717,1576259616.5762053,0.0,0.0,206034894.78060997,0.0,0.0,29101391.929925855,0.0,0.0,0.0
34,68425563.42579652,561100656472.7292,112220131294.54587,1642647535.4886203,0.0,0.0,217765774.1598512,0.0,0.0,30984735.6085866,0.0,0.0,0.0
35,73069816.5865453,598760005109.586,119752001021.9172,1728092883.6067734,0.0,0.0,233086297.0668686,0.0,0.0,33456568.07852748,0.0,0.0,0.0
36,78596042.20238365,644043858724.5325,128808771744.9065,1858787493.3109696,0.0,0.0,231753515.35044762,0.0,0.0,31902655.49842843,0.0,0.0,0.0
37,84306161.3465696,690834601163.3014,138166920232.66028,1947098200.659282,0.0,0.0,268118424.42264047,0.0,0.0,38879699.599994145,0.0,0.0,0.0
38,91402019.02722105,748980576883.5427,149796115376.70856,2110981023.7110147,0.0,0.0,258804007.43418884,0.0,0.0,35284838.20510355,0.0,0.0,0.0
39,99130658.92603423,812311794635.0272,162462358927.00546,2289478307.897172,0.0,0.0,323123250.0019492,0.0,0.0,47409095.56199816,0.0,0.0,0.0
40,107545039.35021807,881262213578.6821,176252442715.73642,2483813155.1005754,0.0,0.0,328186319.86790615,0.0,0.0,46615988.77509537,0.0,0.0,0.0
41,116704552.08285975,956318511059.6273,191263702211.92548,2695357251.9469204,0.0,0.0,314394437.4906172,0.0,0.0,41594692.76316766,0.0,0.0,0.0
42,126672820.1132118,1038002036427.6976,207600407285.53955,2925580007.1474533,0.0,0.0,389929734.8010888,0.0,0.0,55633523.85125543,0.0,0.0,0.0
43,137519973.38131034,1126887459296.3665,225377491859.2733,3176101111.1005454,0.0,0.0,362943414.37296915,0.0,0.0,47392324.043822214,0.0,0.0,0.0
44,149322266.74636498,1223599639040.173,244719927808.0346,3448681712.6568513,0.0,0.0,392635275.44065917,0.0,0.0,51145847.791297965,0.0,0.0,0.0
45,162163472.84594026,1328825038377.0962,265765007675.41922,3745256587.985289,0.0,0.0,482530211.0129071,0.0,0.0,67634607.33517914,0.0,0.0,0.0
46,176133643.73144883,1443301575770.3643,288660315154.0729,4067905539.848439,0.0,0.0,461013950.65102345,0.0,0.0,59872525.871371835,0.0,0.0,0.0
47,191331968.48356548,1567842041743.152,313568408348.63043,4418919395.837338,0.0,0.0,501200694.00163627,0.0,0.0,65126401.97931202,0.0,0.0,0.0
48,207865828.8510652,1703326360448.1238,340665272089.62476,4800778197.819439,0.0,0.0,612632504.3412287,0.0,0.0,85427568.21526206,0.0,0.0,0.0
49,225852191.0684903,1850712994715.2659,370142598943.0532,5216183346.750222,0.0,0.0,690126786.5519944,0.0,0.0,98093384.15686259,0.0,0.0,0.0
50,245418695.5681243,2011047875538.4766,402209575107.6953,5668082770.1839905,0.0,0.0,638423621.8283832,0.0,0.0,82576176.01940846,0.0,0.0,0.0
51,266704165.35598782,2185468567888.8647,437093713577.77295,6159682663.503333,0.0,0.0,693373208.280006,0.0,0.0,89647278.0662049,0.0,0.0,0.0
52,289859400.97871554,2375210784955.426,475042156991.08514,6694465850.126133,0.0,0.0,753156658.367952,0.0,0.0,97341022.10280585,0.0,0.0,0.0
53,315048547.34426504,2581619588358.933,516323917671.7866,7276223348.998432,0.0,0.0,818198095.6525816,0.0,0.0,105712018.2978249,0.0,0.0,0.0
54,342451022.5762608,2806165193868.86,561233038773.772,7909098922.570026,0.0,0.0,888956521.0348794,0.0,0.0,114818970.27877831,0.0,0.0,0.0
55,372260861.2889145,3050437589965.0483,610087517993.0096,8597573909.359507,0.0,0.0,965933778.4476842,0.0,0.0,124726537.97016838,0.0,0.0,0.0
