,mat_EOL_ReMFG_VAT,mat_EOL_Recycled_2_HQ,mat_EOL_Recycled_2_OQ,mat_EOL_Recycled_HQ_into_MFG,mat_EOL_Recycled_HQ_into_MFG_notUSED,mat_EOL_Recycled_HQ_into_OU,mat_EOL_Recycled_VAT,mat_EnteringModuleManufacturing_total,mat_EnteringModuleManufacturing_virgin,mat_L0,mat_L1,mat_L2,mat_L3,mat_L4,mat_LostinModuleManufacturing,mat_MFG_Recycled_HQ_into_MFG,mat_MFG_Recycled_HQ_into_OU,mat_MFG_Recycled_into_HQ,mat_MFG_Recycled_into_OQ,mat_MFG_Scrap,mat_MFG_Scrap_Landfilled,mat_MFG_Scrap_Recycled_Losses_Landfilled,mat_MFG_Scrap_Recycled_Successfully,mat_MFG_Scrap_Sentto_Recycling,mat_Manufacturing_Input,mat_PG2_stored,mat_Total_EOL_Landfilled,mat_Total_Landfilled,mat_Total_MFG_Landfilled,mat_Total_Recycled_OU,mat_UsedSuccessfullyinModuleManufacturing,mat_Virgin_Stock,mat_Virgin_Stock_Raw,mat_reMFG,mat_reMFG_2_recycle,mat_reMFG_all_unyields,mat_reMFG_mod_unyield,mat_reMFG_target,mat_reMFG_untarget,mat_reMFG_unyield,mat_reMFG_yield,mat_recycled_PG4,mat_recycled_all,mat_recycled_target,mat_recycled_yield
0,0.0,0.0,0.0,0.0,0.0,0.0,0.0,529179203.36842114,529179203.36842114,0.0,0.0,0.0,0.0,0.0,26458960.16842109,434483.9775024929,3910355.7975224364,4344839.775024929,17379359.100099716,54310497.18781161,10862099.437562324,21724198.875124644,21724198.875124644,43448397.75024929,557030740.3878117,0.0,0.0,32586298.31268697,32586298.31268697,21289714.897622153,502720243.20000005,556596256.4103092,927660427.3505154,0.0,0.0,0.0,0.0,0.0,0.0,0.0,0.0,0.0,0.0,0.0,0.0
1,0.0,5.453713467633374,30.90437631658912,0.43629707741067,0.0,5.017416390222705,0.43629707741067,587084969.7472026,587084969.7472026,1430.7581628050518,151.4920407675937,0.0,10.09946938450625,54.53713467633374,29354248.48736012,482027.6593713866,4338248.934342479,4820276.593713866,19281106.374855462,60253457.421423316,12050691.484284662,24101382.968569327,24101382.968569327,48202765.937138654,617984178.6812658,0.0,1646.8868076334854,36153721.33966163,36152074.45285399,23619391.23099065,557730721.2598425,617502150.5855974,1029170250.9759957,0.0,0.0,0.0,0.0,0.0,0.0,0.0,0.0,100.99469384506249,100.99469384506249,90.89522446055624,36.35808978422249
2,0.0,116.9232288981417,662.5649637561363,9.353858311851337,0.0,107.56937058629036,9.353858311851337,841046407.3226545,841046407.3226545,30674.303877598904,3247.867469392824,0.0,216.52449795952157,1169.232288981417,42052320.366132736,690543.3660122843,6214890.294110558,6905433.6601228425,27621734.640491374,86317920.75153553,17263584.150307104,34527168.300614215,34527168.300614215,69054336.60122843,885312007.7080573,0.0,35307.92813393267,51826060.379055254,51790752.45092132,33837395.06893627,798994086.9565217,884621454.9881866,1474369091.6469777,0.0,0.0,0.0,0.0,0.0,0.0,0.0,0.0,2165.2449795952166,2165.2449795952166,1948.720481635695,779.488192654278
3,0.0,703.3321028649974,3985.548582901652,56.26656822919979,0.0,647.0655346357976,56.26656822919979,1000224724.752156,1000224724.752156,184516.1380972987,19537.00285736104,0.0,1302.466857157402,7033.321028649974,50011236.23760784,821237.1424280853,7391134.281852768,8212371.424280853,32849485.697123416,102654642.80351067,20530928.56070213,41061857.12140427,41061857.12140427,82123714.24280854,1052868131.3180588,0.0,212388.92884046715,61805174.610946864,61592785.6821064,40245252.59309372,950213488.5145482,1052046837.9090626,1753411396.5151045,0.0,0.0,0.0,0.0,0.0,0.0,0.0,0.0,13024.668571574026,13024.668571574026,11722.201714416624,4688.88068576665
4,0.0,2426.676588919713,13751.167337211707,194.13412711357705,0.0,2232.542461806136,194.13412711357705,1325407982.1911273,1325407982.1911273,636628.1174635048,67407.68302554757,0.0,4493.845535036504,24266.76588919713,66270399.10955644,1088229.7116937677,9794067.405243909,10882297.116937676,43529188.467750706,136028713.96172094,27205742.792344183,54411485.58468838,54411485.58468838,108822971.16937676,1395166297.0432918,0.0,732796.411913286,82350024.78894585,81617228.37703256,53339239.58279364,1259137583.0815709,1394077873.197471,2323463121.995785,0.0,0.0,0.0,0.0,0.0,0.0,0.0,0.0,44938.45535036505,44938.45535036505,40444.60981532855,16177.843926131422
5,0.0,6130.552595534041,34739.798041359565,490.44420764272326,0.0,5640.108387891318,490.44420764272326,1823690140.4031687,1823690140.4031687,1608323.9833962757,170293.12765372332,0.0,11352.87517691488,61305.5259553404,91184507.02015853,1497345.5889626008,13476110.300663406,14973455.889626008,59893823.55850403,187168198.6203251,37433639.724065006,74867279.44813004,74867279.44813004,149734558.89626008,1919673832.0033352,0.0,1851275.5121822543,114152194.6843773,112300919.17219505,73410313.76559669,1732505633.3830101,1918175995.970165,3196959993.2836084,0.0,0.0,0.0,0.0,0.0,0.0,0.0,0.0,113528.75176914889,113528.75176914889,102175.87659223401,40870.35063689361
6,0.0,12770.502158179479,72366.17889635038,1021.6401726543584,0.0,11748.86198552512,1021.6401726543584,1863599626.996904,1863599626.996904,3350286.0600162204,354736.171060541,0.0,23649.07807070273,127705.02158179479,93179981.34984517,1530113.3779553508,13771020.401598157,15301133.779553508,61204535.11821403,191264172.24441886,38252834.44888377,76505668.89776754,76505668.89776754,153011337.7955351,1961683817.8914776,0.0,3856376.3307292587,118614879.67738058,114758503.34665132,75059670.56069407,1770419645.6470587,1960152682.8733494,3266921138.1222486,0.0,0.0,0.0,0.0,0.0,0.0,0.0,0.0,236490.78070702738,236490.78070702738,212841.70263632466,85136.68105452986
7,0.0,23353.292244676493,132335.32271983344,1868.2633795741194,0.0,21485.028865102373,1868.2633795741194,2316197033.450737,2316197033.450737,6126635.3111034,648702.5623521246,0.0,43246.837490141625,233532.92244676486,115809851.67253685,1901719.6695700763,17115477.026130684,19017196.69570076,76068786.78280304,237714958.6962595,47542991.73925188,95085983.47850381,95085983.47850381,190171966.95700762,2438102140.4744596,0.0,7052117.633392431,149681092.8511481,142628975.21775568,93338084.16051868,2200387181.7782,2436198552.54151,4060330920.902517,0.0,0.0,0.0,0.0,0.0,0.0,0.0,0.0,432468.3749014164,432468.3749014164,389221.5374112748,155688.61496450994
8,0.0,38854.0537149065,220172.9710511368,3108.32429719252,0.0,35745.72941771398,3108.32429719252,3512541582.5882955,3512541582.5882955,10193193.104219299,1079279.269858514,0.0,71951.95132390095,388540.53714906494,140501663.30353165,2602978.183307533,23426803.6497678,26029781.833075333,104119127.33230133,325372272.91344166,65074454.58268833,130148909.16537666,130148909.16537666,260297818.33075333,3697412192.1982055,0.0,11732964.862550776,206956328.61061576,195223363.748065,127801849.68253799,3372039919.284764,3694806105.6906004,6158010176.151001,0.0,0.0,0.0,0.0,0.0,0.0,0.0,0.0,719519.5132390092,719519.5132390092,647567.5619151082,259027.0247660433
9,0.0,60102.22701975133,340579.2864452575,4808.1781615801065,0.0,55294.04885817122,4808.1781615801065,7154997665.356803,7154997665.356803,15767559.557650803,1669506.3061042028,0.0,111300.42040694691,601022.2701975132,286199906.6142721,5302229.8488538815,47720068.63968494,53022298.48853882,212089193.95415527,662778731.1067352,132555746.22134703,265111492.4426941,265111492.4426941,530222984.8853882,7531576489.849266,0.0,18149388.55435947,415816627.21840066,397667238.66404116,260205135.92914364,6868797758.742531,7526269451.82225,12543782419.703753,0.0,0.0,0.0,0.0,0.0,0.0,0.0,0.0,1113004.204069469,1113004.204069469,1001703.783662522,400681.5134650088
10,0.0,1580699.407432328,8957296.642116524,126455.95259458624,0.0,1454243.4548377418,126455.95259458624,9652160926.13153,9652160926.13153,414689659.35724646,43908316.87312022,0.0,2927221.124874685,15806994.074323278,386086437.0452614,7152759.254733263,64374833.29259935,71527592.54733261,286110370.18933046,894094906.8416576,178818981.36833155,357637962.73666304,357637962.73666304,715275925.4733261,10160169395.927927,0.0,477332191.4295647,1013789135.5345592,536456944.1049946,360896743.5788841,9266074489.08627,10152890180.720598,16921483634.53433,0.0,0.0,0.0,0.0,0.0,0.0,0.0,0.0,29272211.248746816,29272211.248746816,26344990.12387213,10537996.049548853
11,0.0,1711632.1272793678,9699248.721249752,136930.57018234942,0.0,1574701.5570970182,136930.57018234942,9750267524.648184,9750267524.648184,449039292.6504514,47545336.868871324,0.0,3169689.1245914176,17116321.272793677,390010700.9859276,7225461.407739289,65029152.6696536,72254614.07739289,289018456.30957156,903182675.967411,180636535.19348216,361273070.38696444,361273070.38696444,722546140.7739289,10263439499.629667,0.0,516870639.9167078,1058780245.4971545,541909605.5804466,365321559.25757194,9360256823.662256,10256077107.651745,17093461846.08624,0.0,0.0,0.0,0.0,0.0,0.0,0.0,0.0,31696891.245914213,31696891.245914213,28527202.121322796,11410880.848529119
12,0.0,2346.5654473449495,13297.204201621378,187.72523578759595,0.0,2158.8402115573535,187.72523578759595,14491333012.556122,14491333012.556122,615611.3056306194,65182.373537359694,0.0,4345.4915691573115,23465.65447344949,579653320.502245,10738840.464041581,96649564.17637423,107388404.6404158,429553618.56166327,1342355058.0051975,268471011.6010394,536942023.202079,536942023.202079,1073884046.404158,15254034750.059074,0.0,708604.8252105858,806121639.628329,805413034.8031185,526218638.7824507,13911679692.053877,15243295721.869799,25405492869.783,0.0,0.0,0.0,0.0,0.0,0.0,0.0,0.0,43454.91569157313,43454.91569157313,39109.42412241582,15643.769648966329
13,0.0,6952.667772898716,39398.45071309272,556.2134218318973,0.0,6396.454351066819,556.2134218318973,34725054611.5757,34725054611.5757,1824002.347828367,193129.66035829767,0.0,12875.310690553175,69526.67772898715,1389002184.463028,25733093.1016308,231597837.91467717,257330931.01630798,1029323724.0652319,3216636637.70385,643327327.54077,1286654655.0815399,1286654655.0815399,2573309310.1630797,36552689064.81652,0.0,2099533.996606205,1932081516.618916,1929981982.62231,1260967356.8849733,33336052427.11267,36526955415.501465,60878259025.83578,0.0,0.0,0.0,0.0,0.0,0.0,0.0,0.0,128753.10690553178,128753.10690553178,115877.7962149786,46351.11848599144
14,0.0,18662.550118024374,105754.45066880477,1493.0040094419498,0.0,17169.546108582424,1493.0040094419498,43712636865.15051,43712636865.15051,4896039.382815035,518404.16994512134,0.0,34560.27799634141,186625.50118024368,1748505474.606018,32393364.582174625,291540281.23957163,323933645.82174623,1295734583.286985,4049170572.7718277,809834114.5543656,1619668229.108731,1619668229.108731,3239336458.217462,46013301963.31632,0.0,5635629.331936742,2435137972.9950333,2429502343.6630964,1587397788.5233338,41964131390.544495,45980907105.73013,76634845176.21689,0.0,0.0,0.0,0.0,0.0,0.0,0.0,0.0,345602.77996341424,345602.77996341424,311042.50196707284,124417.00078682914
15,0.0,46015.32804103953,260753.52556589065,3681.2262432831626,0.0,42334.10179775637,3681.2262432831626,96922859700.34363,96922859700.34363,12071922.479902342,1278203.556695542,0.0,85213.57044636947,460153.2804103953,2907685791.0102997,64071111.46506909,576640003.1856219,640711114.6506909,2562844458.6027637,8008888933.133636,1601777786.626727,3203555573.2534547,3203555573.2534547,6407111146.506909,102024062842.46696,0.0,13895492.88745465,4819228852.767637,4805333359.880182,3139787549.415749,94015173909.33333,101959988049.77565,169933313416.29276,0.0,0.0,0.0,0.0,0.0,0.0,0.0,0.0,852135.704463695,852135.704463695,766922.1340173255,306768.8536069302
16,0.0,105143.6353226799,595813.933495186,8411.490825814391,0.0,96732.14449686551,8411.490825814391,176203347781.03366,176203347781.03366,27583978.402554907,2920656.5367411072,0.0,194710.4357827406,1051436.3532267986,5286100433.431,116479686.74367264,1048317180.6930537,1164796867.4367263,4659187469.746904,14559960842.959076,2911992168.591814,5823984337.183631,5823984337.183631,11647968674.367262,185477208190.56174,0.0,31750781.728305556,8767727287.50375,8735976505.775444,5708197196.51795,170917247347.60266,185360720092.32724,308934533487.21204,0.0,0.0,0.0,0.0,0.0,0.0,0.0,0.0,1947104.3578274052,1947104.3578274052,1752393.9220446646,700957.5688178659
17,0.0,2596882.077414086,14715665.105346488,207750.5661931269,0.0,2389131.511220959,207750.5661931269,169242212089.1195,169242212089.1195,681280791.9141893,72135613.2615024,0.0,4809040.8841001615,25968820.774140865,5077266362.673584,111878009.67575465,1006902087.0817918,1118780096.7575464,4475120387.030186,13984751209.46933,2796950241.8938656,5593900483.787732,5593900483.787732,11187800967.575464,178149696935.91525,0.0,784194266.8339328,9175044992.51553,8390850725.681598,5499127270.728545,164164945726.44592,178037611175.6733,296729351959.4555,0.0,0.0,0.0,0.0,0.0,0.0,0.0,0.0,48090408.8410016,48090408.8410016,43281367.95690144,17312547.182760574
18,0.0,3048890.1523990165,17277044.196927764,243911.21219192134,0.0,2804978.9402070954,243911.21219192134,204072087286.53915,204072087286.53915,799863157.265174,84691393.12219489,0.0,5646092.874812998,30488901.523990165,6122162618.596191,134902390.33257544,1214121512.9931788,1349023903.3257544,5396095613.303018,16862798791.57193,3372559758.3143864,6745119516.628772,6745119516.628772,13490239033.257544,214812723459.5149,0.0,920689544.786172,11038368819.72933,10117679274.943157,6630299149.433331,197949924667.94296,214677577157.97012,357795961929.9502,0.0,0.0,0.0,0.0,0.0,0.0,0.0,0.0,56460928.74812994,56460928.74812994,50814835.87331694,20325934.34932678
19,0.0,3922012.001510356,22224734.67522535,313760.9601208285,0.0,3608251.0413895277,313760.9601208285,221690069167.0571,221690069167.0571,1028922901.6308035,108944777.81973211,0.0,7262985.1879821345,39220120.01510356,6650702075.011719,142626820.96999902,1283641388.7299912,1426268209.6999903,5705072838.799961,17828352621.249878,3565670524.249975,7131341048.499951,7131341048.499951,14262682096.999903,232867719713.29526,0.0,1184350784.6536212,11881362357.40355,10697011572.749928,7014547213.246567,215039367092.04538,232724779131.36514,387874631885.6086,0.0,0.0,0.0,0.0,0.0,0.0,0.0,0.0,72629851.8798214,72629851.8798214,65366866.69183927,26146746.676735707
20,0.0,2445.9230009469093,13860.230338699152,195.67384007575274,0.0,2250.2491608711566,195.67384007575274,256289205655.45667,256289205655.45667,641677.3304953312,67942.3055818586,0.0,4529.487038790576,24459.230009469095,7688676169.663696,158121047.09130347,1423089423.821731,1581210470.9130347,6324841883.652139,19765130886.412933,3953026177.282587,7906052354.565173,7906052354.565173,15812104709.130346,268365660372.2059,0.0,738608.3531254495,11859817140.200884,11859078531.84776,7747947417.953369,248600529485.79297,268207539129.44077,447012565215.7346,0.0,0.0,0.0,0.0,0.0,0.0,0.0,0.0,45294.87038790573,45294.87038790573,40765.38334911515,16306.15333964606
21,0.0,9020.94355879673,51118.68016651479,721.6754847037383,0.0,8299.26807409299,721.6754847037383,380290947458.02374,380290947458.02374,2366605.5632645735,250581.76552213132,0.0,16705.451034808735,90209.43558796728,11408728423.740662,227967931.80534863,2051711386.2481377,2279679318.0534863,9118717272.213945,28495991475.66858,5699198295.133717,11398396590.267431,11398396590.267431,22796793180.534863,397378210509.95166,0.0,2724102.2154094805,17100318987.616558,17097594885.401148,11170488076.410324,368882219034.2831,397150241856.4708,661917069760.7848,0.0,0.0,0.0,0.0,0.0,0.0,0.0,0.0,167054.51034808753,167054.51034808753,150349.0593132788,60139.62372531152
22,0.0,29670.097699342925,168130.5536296099,2373.607815947434,0.0,27296.48988339549,2373.607815947434,509409559233.67413,509409559233.67413,7783821.927296757,824169.3805373036,0.0,54944.62536915357,296700.97699342924,15282286777.010193,296488049.61612844,2668392446.545156,2964880496.1612844,11859521984.645138,37061006202.01605,7412201240.40321,14824402480.806421,14824402480.806421,29648804961.612843,531188278658.68,0.0,8959636.910196643,22245563358.11983,22236603721.209633,14528109858.233807,494127272456.66394,530891788235.45605,884819647059.0935,0.0,0.0,0.0,0.0,0.0,0.0,0.0,0.0,549446.2536915357,549446.2536915357,494501.6283223821,197800.65132895284
23,0.0,87556.32746431422,496152.52229778055,7004.506197145138,0.0,80551.82126716909,7004.506197145138,496223379681.4841,496223379681.4841,22970024.1804528,2432120.207342061,0.0,162141.34715613746,875563.2746431421,14886701390.444519,275904325.7006568,2483138931.3059106,2759043257.0065675,11036173028.02627,34488040712.58209,6897608142.516418,13795216285.032837,13795216285.032837,27590432570.065674,515824719003.62164,0.0,26439849.009594142,20719264276.55885,20692824427.549255,13519888663.675745,481336678291.03955,515548807673.41473,859248012789.0247,0.0,0.0,0.0,0.0,0.0,0.0,0.0,0.0,1621413.4715613744,1621413.4715613744,1459272.124405237,583708.8497620948
24,0.0,236237.2360073735,1338677.6707084496,18898.97888058988,0.0,217338.2571267836,18898.97888058988,511777716423.6635,511777716423.6635,61975818.08835415,6562145.444649261,0.0,437476.36297661765,2362372.360073735,15353331492.7099,275722899.17198485,2481506092.547864,2757228991.7198486,11028915966.879395,34465362396.49811,6893072479.299622,13786144958.599243,13786144958.599243,27572289917.198486,530889747327.4517,0.0,71337812.25605375,20750555250.15492,20679217437.898865,13511978075.355095,496424384930.9536,530614005529.30084,884356675882.1681,0.0,0.0,0.0,0.0,0.0,0.0,0.0,0.0,4374763.6297661755,4374763.6297661755,3937287.266789558,1574914.906715823
25,0.0,5785918.013030969,32786868.740508825,462873.4410424775,0.0,5323044.571988491,462873.4410424775,529876943890.7217,529876943890.7217,1517910589.838371,160719944.8064157,0.0,10714662.987094373,57859180.13030968,15896308316.72168,276369771.64586085,2487327944.812748,2763697716.4586086,11054790865.834435,34546221455.732605,6909244291.146519,13818488582.293043,13818488582.293043,27636977164.586086,548526857029.7326,0.0,1747204377.7621908,22474937251.20175,20727732873.43956,13580228723.95968,513980635574.0,548250024384.6457,913750040641.0762,0.0,0.0,0.0,0.0,0.0,0.0,0.0,0.0,107146629.87094384,107146629.87094384,96431966.88384947,38572786.75353979
26,0.0,6120597.1562509695,34683383.88542216,489647.77250007755,0.0,5630949.383750892,489647.77250007755,571878577073.3489,571878577073.3489,1605712216.9176924,170016587.67363796,0.0,11334439.17824252,61205971.56250969,17156357312.20044,283614003.09429103,2552526027.848619,2836140030.94291,11344560123.77164,35451750386.78638,7090350077.357273,14180700154.714552,14180700154.714552,28361400309.429104,590173970147.9348,0.0,1848269215.3320825,23119319447.403904,21271050232.071823,13937400484.889433,554722219761.1484,589889866497.0681,983149777495.1135,0.0,0.0,0.0,0.0,0.0,0.0,0.0,0.0,113344391.78242534,113344391.78242534,102009952.60418282,40803981.04167313
27,0.0,7867631.512063013,44583245.235023744,629410.5209650411,0.0,7238220.991097972,629410.5209650411,644573967414.362,644573967414.362,2064039131.2510986,218545319.77952814,0.0,14569687.985301867,78676315.12063015,19337219022.430786,308705126.4741241,2778346138.2671165,3087051264.7412405,12348205058.964962,38588140809.2655,7717628161.8531,15435256323.706202,15435256323.706202,30870512647.412403,663824889201.1968,0.0,2375830454.136559,25528714939.69586,23152884485.559303,15178372663.4582,625236748391.9313,663515554664.2017,1105859257773.6694,0.0,0.0,0.0,0.0,0.0,0.0,0.0,0.0,145696879.85301876,145696879.85301876,131127191.8677169,52450876.747086756
28,0.0,12195303.330051018,69106718.87028909,975624.2664040815,0.0,11219679.063646937,975624.2664040815,689669710815.9735,689669710815.9735,3199385132.883754,338758425.8347504,0.0,22583895.055650026,121953033.30051015,20690091324.479248,312801325.9240908,2815211933.3168173,3128013259.240908,12512053036.963634,39100165740.51135,7820033148.102268,15640066296.204542,15640066296.204542,31280132592.409084,708079785232.0056,0.0,3682680487.074664,27142779931.381474,23460099444.30681,15407591368.214386,668979619491.4943,707766008281.8152,1179610013803.0251,0.0,0.0,0.0,0.0,0.0,0.0,0.0,0.0,225838950.5565003,225838950.5565003,203255055.50085026,81302022.2003401
29,0.0,23949289.765434463,135712642.0041286,1915943.181234757,0.0,22033346.584199704,1915943.181234757,775464137344.6185,775464137344.6185,6282992685.376322,665258049.0398458,0.0,44350536.602656364,239492897.65434456,23263924120.3385,338661715.0632891,3047955435.5696015,3386617150.6328907,13546468602.531563,42332714382.91113,8466542876.582226,16933085753.164454,16933085753.164454,33866171506.328907,794532927607.1912,0.0,7232094168.673168,32631722798.41985,25399628629.74668,16752170026.689491,752200213224.28,794192349948.9467,1323653916581.578,0.0,0.0,0.0,0.0,0.0,0.0,0.0,0.0,443505366.026564,443505366.026564,399154829.42390764,159661931.76956308
30,0.0,32451034.086966373,183889193.1594761,2596082.72695731,0.0,29854951.360009063,2596082.72695731,837348294092.9109,837348294092.9109,8513388572.1979685,901417613.5268434,0.0,60094507.56845629,324510340.8696637,25120448822.78723,351652036.1450303,3164868325.305272,3516520361.4503026,14066081445.801212,43956504518.128784,8791300903.625755,17582601807.251514,17582601807.251514,35165203614.50303,856184349788.2524,0.0,9799411034.162931,36173313745.0402,26373902710.87727,17444693915.62597,812227845270.1237,855830101669.3805,1426383502782.3008,0.0,0.0,0.0,0.0,0.0,0.0,0.0,0.0,600945075.6845624,600945075.6845624,540850568.1161062,216340227.24644247
31,0.0,34188399.3395599,193734262.9241727,2735071.947164792,0.0,31453327.392395105,2735071.947164792,907112313714.5771,907112313714.5771,8969178839.08207,949677759.4322189,0.0,63311850.62881458,341883993.39559895,27213369411.437256,358258506.44808894,3224326558.0327997,3582585064.480889,14330340257.923553,44782313306.01111,8956462661.202225,17912925322.40444,17912925322.40444,35825850644.80888,924681257609.151,0.0,10324052442.538702,37193440426.14537,26869387983.606667,17779854406.272923,879898944303.1399,924320264030.7557,1540533773384.593,0.0,0.0,0.0,0.0,0.0,0.0,0.0,0.0,633118506.2881461,633118506.2881461,569806655.6593316,227922662.2637326
32,0.0,8190679.621464519,46413851.18829893,655254.3697171615,0.0,7535425.251747358,655254.3697171615,991660611629.1481,991660611629.1481,2148789406.865691,227518878.37401432,0.0,15167925.22493428,81906796.21464518,29749818348.87451,375196759.5901455,3376770836.3113093,3751967595.901455,15007870383.60582,46899594948.76819,9379918989.75364,18759837979.507275,18759837979.507275,37519675959.01455,1008810388229.0417,0.0,2473383006.679285,30613139975.9402,28139756969.260914,18438590496.357174,961910793280.2736,1008434536215.0819,1680724227025.1365,0.0,0.0,0.0,0.0,0.0,0.0,0.0,0.0,151679252.24934292,151679252.24934292,136511327.02440864,54604530.809763454
33,0.0,55118878.85278915,312340313.4991385,4409510.308223132,0.0,50709368.54456602,4409510.308223132,1084887229378.1053,1084887229378.1053,14460199699.034187,1531079968.1330314,0.0,102071997.87553537,551188788.5278914,32546616881.34314,392541937.6145762,3532877438.5311856,3925419376.145762,15701677504.583048,49067742201.82202,9813548440.364403,19627096880.72881,19627096880.72881,39254193761.45762,1101408354698.5842,0.0,16644540453.570646,46085185774.66386,29440645321.093212,19597604625.15794,1052340612496.7622,1101011403250.6616,1835019005417.7693,0.0,0.0,0.0,0.0,0.0,0.0,0.0,0.0,1020719978.7553544,1020719978.7553544,918647980.879819,367459192.35192764
34,0.0,118609137.47532651,672118445.6935169,9488730.998026121,0.0,109120406.47730039,9488730.998026121,1171462137729.9265,1171462137729.9265,31116594708.033195,3294698263.2035146,0.0,219646550.88023448,1186091374.753265,35143864131.897705,394977193.64432436,3554794742.7989187,3949771936.443243,15799087745.77297,49372149205.54053,9874429841.1081,19748859682.216213,19748859682.216213,39497719364.43243,1185690422803.5693,0.0,35817030896.87021,65440320420.19452,29623289523.324314,20135121340.742706,1136318273598.0288,1185285956878.927,1975476594798.2117,0.0,0.0,0.0,0.0,0.0,0.0,0.0,0.0,2196465508.802343,2196465508.802343,1976818957.9221084,790727583.1688434
35,0.0,148691366.512466,842584410.2373073,11895309.320997281,0.0,136796057.19146875,11895309.320997281,1265910891289.942,1265910891289.942,39008537510.986435,4130315736.4573884,0.0,275354382.4304924,1486913665.12466,37977326738.69824,406114443.50877345,3655029991.578961,4061144435.087734,16244577740.350937,50764305438.59668,10152861087.719337,20305722175.43867,20305722175.43867,40611444350.87734,1278697869989.8403,0.0,44901121294.99897,75359704558.15698,30458583263.15801,20878988199.358673,1227933564551.2437,1278279860237.0105,2130466433728.3508,0.0,0.0,0.0,0.0,0.0,0.0,0.0,0.0,2753543824.304926,2753543824.304926,2478189441.8744335,991275776.7497734
36,0.0,28933505.5499084,163956531.44948092,2314680.443992672,0.0,26618825.10591573,2314680.443992672,1368787390759.235,1368787390759.235,7590580159.698191,803708487.4974555,0.0,53580565.83316368,289335055.4990839,41063621722.7771,439118055.8637715,3952062502.773944,4391180558.637715,17564722234.55086,54889756982.971436,10977951396.594284,21955902793.188576,21955902793.188576,43911805586.37715,1382613526019.4294,0.0,8737204268.527893,41671058458.31075,32933854189.78286,21707360093.880203,1327723769036.458,1382172093283.1216,2303620155471.869,0.0,0.0,0.0,0.0,0.0,0.0,0.0,0.0,535805658.3316369,535805658.3316369,482225092.4984732,192890036.99938932
37,0.0,322085146.8615437,1825149165.5487475,25766811.7489235,0.0,296318335.11262023,25766811.7489235,1459618980808.7148,1459618980808.7148,84497646553.18274,8946809635.042877,0.0,596453975.6695251,3220851468.615437,29192379616.174072,351488045.47959185,3163392409.316326,3514880454.795918,14059521819.183674,43936005684.948975,8787201136.989792,17574402273.97959,17574402273.97959,35148804547.95918,1474362606877.4897,0.0,97261761632.51057,123623365043.47995,26361603410.969383,19344381729.16137,1430426601192.5408,1473985352020.2612,2456642253367.102,0.0,0.0,0.0,0.0,0.0,0.0,0.0,0.0,5964539756.695253,5964539756.695253,5368085781.025728,2147234312.4102912
38,0.0,44253699.11354929,250770961.64344597,3540295.9290839434,0.0,40713403.18446535,3540295.9290839434,1573104588449.4722,1573104588449.4722,11609766742.75213,1229269419.820814,0.0,81951294.6547209,442536991.13549286,31462091768.989258,378816296.8549023,3409346671.6941214,3788162968.5490236,15152651874.196095,47352037106.86279,9470407421.372559,18940814842.745117,18940814842.745117,37881629685.490234,1588994533787.3457,0.0,13363524448.363157,41774746712.480835,28411222264.117676,18853482910.71813,1541642496680.483,1588612177194.5615,2647686961990.936,0.0,0.0,0.0,0.0,0.0,0.0,0.0,0.0,819512946.547209,819512946.547209,737561651.8924881,295024660.75699526
39,0.0,561297161.890197,3180683917.377784,44903772.95121577,0.0,516393388.9389813,44903772.95121577,1695929720148.2524,1695929720148.2524,147253885063.78625,15591587830.283247,0.0,1039439188.6855507,5612971618.90197,33918594402.965088,408393581.0942871,3675542229.848584,4083935810.942871,16335743243.771484,51049197636.78589,10209839527.357178,20419679054.714355,20419679054.714355,40839358109.42871,1713060323382.0732,0.0,169497883701.657,200127402283.72855,30629518582.071533,23708362779.936832,1662011125745.2874,1712607026028.0278,2854345043380.0464,0.0,0.0,0.0,0.0,0.0,0.0,0.0,0.0,10394391886.855501,10394391886.855501,9354952698.16995,3741981079.2679806
40,0.0,406231765.67186785,2301980005.4739175,32498541.25374943,0.0,373733224.4181184,32498541.25374943,1839883144775.992,1839883144775.992,106573148401.57024,11284215713.107437,0.0,752281047.5404959,4062317656.7186775,36797662895.519775,443058729.00464255,3987528561.0417833,4430587290.046426,17722349160.185703,55382341125.58032,11076468225.116066,22152936450.23213,22152936450.23213,44305872900.46426,1858467823006.0525,0.0,122671962818.93684,155901367494.28503,33229404675.348194,24385590951.119522,1803085481880.4722,1857992265735.7942,3096653776226.323,0.0,0.0,0.0,0.0,0.0,0.0,0.0,0.0,7522810475.404959,7522810475.404959,6770529427.864463,2708211771.1457853
41,0.0,20488749.709426716,116102915.02008472,1639099.9767541373,0.0,18849649.73267258,1639099.9767541373,1996584311031.2666,1996584311031.2666,5375134954.633552,569131936.3729644,0.0,37942129.09153098,204887497.0942672,39931686220.62549,480793636.1109649,4327142724.998684,4807936361.109649,19231745444.438595,60099204513.870605,12019840902.774117,24039681805.548244,24039681805.548244,48079363611.09649,2016751829324.5117,0.0,6187096517.192313,42246619225.51467,36059522708.32236,23693840734.190037,1956652624810.641,2016269396588.4238,3360448994314.0396,0.0,0.0,0.0,0.0,0.0,0.0,0.0,0.0,379421290.9153096,379421290.9153096,341479161.8237786,136591664.72951144
42,0.0,610658087.0917014,3460395826.852975,48852646.96733611,0.0,561805440.1243653,48852646.96733611,2167121682559.1978,2167121682559.1978,160203510502.4525,16962724641.436148,0.0,1130848309.4290752,6106580870.917014,43342433651.18408,521860413.2546601,4696743719.291941,5218604132.546601,20874416530.18641,65232551656.83252,13046510331.3665,26093020662.73301,26093020662.73301,52186041325.46602,2189011800564.8462,0.0,184403664324.23477,223543195318.3343,39139530994.09951,29593361516.45569,2123779248908.0137,2188441087504.6243,3647401812507.7075,0.0,0.0,0.0,0.0,0.0,0.0,0.0,0.0,11308483094.290766,11308483094.290766,10177634784.86169,4071053913.9446764
43,0.0,13237416.645475887,75012027.6576967,1058993.331638071,0.0,12178423.313837815,1058993.331638071,2352695044076.9263,2352695044076.9263,3472779058.2266974,367706017.92988557,0.0,24513734.528659046,132374166.45475884,47053900881.538574,566547978.2908477,5098931804.617629,5665479782.908477,22661919131.633907,70818497286.35596,14163699457.271187,28327398914.542385,28327398914.542385,56654797829.08477,2376459640481.7437,0.0,3997372977.1400003,46488471348.95357,42491098371.81357,27848041387.223072,2305641143195.3877,2375892033510.121,3959820055850.202,0.0,0.0,0.0,0.0,0.0,0.0,0.0,0.0,245137345.28659046,245137345.28659046,220623610.7579314,88249444.30317257
44,0.0,23532539.870390553,133351059.26554649,1882603.1896312442,0.0,21649936.68075931,1882603.1896312442,2554608965567.5454,2554608965567.5454,6173660151.182711,653681663.0664046,0.0,43578777.53776032,235325398.70390558,51092179311.351074,615170482.2134376,5536534339.9209385,6151704822.134376,24606819288.5375,76896310276.67969,15379262055.335938,30758524110.671875,30758524110.671875,61517048221.34375,2580413096532.874,0.0,7106245990.490782,53244032156.4986,46137786166.00781,30298354624.40474,2503516786256.1943,2579796043447.471,4299660072412.452,0.0,0.0,0.0,0.0,0.0,0.0,0.0,0.0,435787775.37760293,435787775.37760293,392208997.8398426,156883599.13593704
45,0.0,666174232.4061763,3774987316.9683323,53293938.59249411,0.0,612880293.8136822,53293938.59249411,2774296631348.806,2774296631348.806,174767931341.12646,18504839789.060448,0.0,1233655985.9373627,6661742324.061763,55485932626.976074,668073047.3874297,6012657426.486868,6680730473.874297,26722921895.49719,83509130923.42871,16701826184.685738,33403652369.371487,33403652369.371487,66807304738.74297,2802319829645.259,0.0,201168169440.18604,251273647994.24326,50105478554.05722,37123446932.766075,2718810698721.83,2801598462659.2793,4669330771098.799,0.0,0.0,0.0,0.0,0.0,0.0,0.0,0.0,12336559859.373634,12336559859.373634,11102903873.436272,4441161549.374509
46,0.0,18709622.16633549,106021192.27590111,1496769.7733068392,0.0,17212852.39302865,1496769.7733068392,3013298654103.056,3013298654103.056,4908388531.291718,519711726.84265244,0.0,34647448.45617682,187096221.66335487,60265973082.061035,725626665.796129,6530639992.16516,7256266657.961289,29025066631.845154,90703333224.51611,18140666644.90323,36281333289.80644,36281333289.80644,72562666579.61288,3043736014245.511,0.0,5649843928.2539015,60071843862.96357,54421999934.70967,35678940668.679245,2953032681020.995,3043008890809.942,5071681484683.236,0.0,0.0,0.0,0.0,0.0,0.0,0.0,0.0,346474484.5617683,346474484.5617683,311827036.1055915,124730814.4422366
47,0.0,33496503.941620853,189813522.3358515,2679720.315329668,0.0,30816783.626291186,2679720.315329668,3273311963031.1396,3273311963031.1396,8787663071.104237,930458442.8228012,0.0,62030562.85485339,334965039.4162085,65466239260.62305,788239971.7036641,7094159745.332977,7882399717.036641,31529598868.146564,98529996462.95801,19705999292.5916,39411998585.183205,39411998585.183205,78823997170.36641,3306375720233.4746,0.0,10115117116.1981,69233114993.9729,59117997877.7748,38844388919.44168,3207845723770.5166,3305584800541.4556,5509308000902.426,0.0,0.0,0.0,0.0,0.0,0.0,0.0,0.0,620305628.5485343,620305628.5485343,558275065.6936809,223310026.27747235
48,0.0,808200663.7972734,4579803761.517882,64656053.10378187,0.0,743544610.6934916,64656053.10378187,3556173647698.707,3556173647698.707,212027951922.1242,22450018438.81315,0.0,1496667895.9208755,8082006637.972735,71123472953.97412,856355351.1225977,7707198160.103379,8563553511.225977,34254214044.903908,107044418890.3247,21408883778.06494,42817767556.12988,42817767556.12988,85635535112.25977,3592094593635.0576,0.0,244056644894.83096,308283296229.02576,64226651334.194824,47284760577.21866,3485050174744.733,3591173582230.831,5985289303718.052,0.0,0.0,0.0,0.0,0.0,0.0,0.0,0.0,14966678959.208767,14966678959.208767,13470011063.287891,5388004425.315156
49,0.0,1173494772.452014,6649803710.561412,93879581.79616112,0.0,1079615190.6558528,93879581.79616112,3863884769286.66,3863884769286.66,307861282896.3616,32597077012.55594,0.0,2173138467.503727,11734947724.520136,77277695385.7334,930454675.755496,8374092081.799464,9304546757.55496,37218187030.21984,116306834469.43701,23261366893.887405,46522733787.7748,46522733787.7748,93045467575.5496,3902913908370.364,0.0,354366446100.94135,424150546782.6035,69784100681.6622,53321698013.236565,3786607073900.927,3901889574112.812,6503149290188.02,0.0,0.0,0.0,0.0,0.0,0.0,0.0,0.0,21731384675.03729,21731384675.03729,19558246207.53356,7823298483.013426
50,0.0,1565337861.7174215,8870247883.065388,125227028.93739372,0.0,1440110832.7800279,125227028.93739372,4198629003410.067,4198629003410.067,410659624215.9901,43481607269.92836,0.0,2898773817.99522,15653378617.174213,83972580068.20117,1011063792.3363204,9099574131.026882,10110637923.363203,40442551693.45281,126382974042.04004,25276594808.408005,50553189616.81602,50553189616.81602,101106379233.63203,4241039397383.906,0.0,472693383921.0879,548523168346.3119,75829784425.22403,59852484540.3251,4114656423341.8657,4239903106562.632,7066505177604.387,0.0,0.0,0.0,0.0,0.0,0.0,0.0,0.0,28987738179.952244,28987738179.952244,26088964361.957024,10435585744.78281
51,0.0,1548648224.8417048,8775673274.102993,123891857.9873364,0.0,1424756366.8543684,123891857.9873364,4562781337427.034,4562781337427.034,406281170097.36084,43018006245.602905,0.0,2867867083.0401955,15486482248.417046,91255626748.54102,1098754617.0127344,9888791553.114609,10987546170.127344,43950184680.50938,137344327126.5918,27468865425.31836,54937730850.63672,54937730850.63672,109875461701.27344,4608870037805.085,0.0,467653525674.421,550060121950.3761,82406596275.95508,64039405874.581345,4471525710678.493,4607647391330.085,7679412318883.475,0.0,0.0,0.0,0.0,0.0,0.0,0.0,0.0,28678670830.40194,28678670830.40194,25810803747.361744,10324321498.944698
52,0.0,1607619510.9720557,9109843895.508316,128609560.87776446,0.0,1479009950.0942912,128609560.87776446,4958921670751.362,4958921670751.362,421752032199.459,44656097527.00154,0.0,2977073168.46677,16076195109.720556,99178433415.02734,1194148410.4112425,10747335693.70118,11941484104.112423,47765936416.44969,149268551301.40527,29853710260.28105,59707420520.56211,59707420520.56211,119414841041.12422,5009011788637.74,0.0,485461398004.6479,575022528785.4911,89561130780.84317,69102125955.75348,4859743237336.335,5007689030666.451,8346148384444.085,0.0,0.0,0.0,0.0,0.0,0.0,0.0,0.0,29770731684.667698,29770731684.667698,26793658516.200928,10717463406.480371
53,0.0,1665880297.0203385,9439988349.781918,133270423.7616271,0.0,1532609873.2587113,133270423.7616271,5389858198454.404,5389858198454.404,437036497675.0888,46274452695.00939,0.0,3084963513.000622,16658802970.203386,107797163969.08789,1297921408.5975,11681292677.3775,12979214085.975,51916856343.9,162240176074.6875,32448035214.9375,64896070429.875,64896070429.875,129792140859.75,5444301210560.004,0.0,503054716853.3022,600398822498.1147,97344105644.8125,74570747244.31813,5282061034485.316,5442870018727.645,9071450031212.74,0.0,0.0,0.0,0.0,0.0,0.0,0.0,0.0,30849635130.006264,30849635130.006264,27764671617.005642,11105868646.802256
54,0.0,1797940651.084588,10188330356.146,143835252.08676705,0.0,1654105398.997821,143835252.08676705,5858660410152.032,5858660410152.032,471681960932.6851,49942795863.46077,0.0,3329519724.2307167,17979406510.84588,117173208203.04102,1410812769.4750001,12697314925.275,14108127694.75,56432510779.0,176351596184.375,35270319236.875,70540638473.75,70540638473.75,141081276947.5,5917838798133.366,0.0,542933683031.2225,648744640741.8474,105810957710.625,80972261459.41882,5741487201948.991,5916284150111.805,9860473583519.676,0.0,0.0,0.0,0.0,0.0,0.0,0.0,0.0,33295197242.307182,33295197242.307182,29965677518.076466,11986271007.230587
55,0.0,2026186818.8913145,11481725307.050781,162094945.51130515,0.0,1864091873.3800094,162094945.51130515,6368647854736.021,6368647854736.021,531561356807.9067,56282967191.4254,0.0,3752197812.761692,20261868188.913147,127372957094.71973,1533621867.2414768,13802596805.173292,15336218672.414768,61344874689.65907,191702733405.18457,38340546681.036896,76681093362.07384,76681093362.07384,153362186724.14767,6432977631046.486,0.0,611858390001.0068,726880030044.1176,115021640043.11073,88493288675.26315,6241274897641.302,6431281914233.733,10718803190389.557,0.0,0.0,0.0,0.0,0.0,0.0,0.0,0.0,37521978127.616936,37521978127.616936,33769780314.855244,13507912125.942097
