Tech,Scenario,Year,PCA,State,Capacity (GW)
upvtotal,v1_080625_USA_BAU_LowRE_abs_constFTL,2010,p28,AZ,0.003947761
upvtotal,v1_080625_USA_BAU_LowRE_abs_constFTL,2010,p29,AZ,0.0014
upvtotal,v1_080625_USA_BAU_LowRE_abs_constFTL,2010,p30,AZ,0.0021000000000000003
upvtotal,v1_080625_USA_BAU_LowRE_abs_constFTL,2010,p10,CA,0.015671642
upvtotal,v1_080625_USA_BAU_LowRE_abs_constFTL,2010,p9,CA,0.023385074999999998
upvtotal,v1_080625_USA_BAU_LowRE_abs_constFTL,2010,p33,CO,0.0009
upvtotal,v1_080625_USA_BAU_LowRE_abs_constFTL,2010,p34,CO,0.019
upvtotal,v1_080625_USA_BAU_LowRE_abs_constFTL,2010,p101,FL,0.032356716
upvtotal,v1_080625_USA_BAU_LowRE_abs_constFTL,2010,p102,FL,0.01
upvtotal,v1_080625_USA_BAU_LowRE_abs_constFTL,2010,p80,IL,0.006716418
upvtotal,v1_080625_USA_BAU_LowRE_abs_constFTL,2010,p131,MA,0.0034
upvtotal,v1_080625_USA_BAU_LowRE_abs_constFTL,2010,p123,MD,0.0014
upvtotal,v1_080625_USA_BAU_LowRE_abs_constFTL,2010,p97,NC,0.0062
upvtotal,v1_080625_USA_BAU_LowRE_abs_constFTL,2010,p98,NC,0.001
upvtotal,v1_080625_USA_BAU_LowRE_abs_constFTL,2010,p126,NJ,0.0181
upvtotal,v1_080625_USA_BAU_LowRE_abs_constFTL,2010,p31,NM,0.030600000000000002
upvtotal,v1_080625_USA_BAU_LowRE_abs_constFTL,2010,p13,NV,0.055462687000000004
upvtotal,v1_080625_USA_BAU_LowRE_abs_constFTL,2010,p112,OH,0.01
upvtotal,v1_080625_USA_BAU_LowRE_abs_constFTL,2010,p113,OH,0.0011
upvtotal,v1_080625_USA_BAU_LowRE_abs_constFTL,2010,p65,TX,0.0135
upvtotal,v1_080625_USA_BAU_LowRE_abs_constFTL,2015,p85,AR,0.012
upvtotal,v1_080625_USA_BAU_LowRE_abs_constFTL,2015,p27,AZ,0.0149
upvtotal,v1_080625_USA_BAU_LowRE_abs_constFTL,2015,p28,AZ,1.3167517610000001
upvtotal,v1_080625_USA_BAU_LowRE_abs_constFTL,2015,p29,AZ,0.009699999999999999
upvtotal,v1_080625_USA_BAU_LowRE_abs_constFTL,2015,p30,AZ,0.1306
upvtotal,v1_080625_USA_BAU_LowRE_abs_constFTL,2015,p10,CA,5.027023642
upvtotal,v1_080625_USA_BAU_LowRE_abs_constFTL,2015,p11,CA,0.0511
upvtotal,v1_080625_USA_BAU_LowRE_abs_constFTL,2015,p9,CA,1.6558000000000002
upvtotal,v1_080625_USA_BAU_LowRE_abs_constFTL,2015,p33,CO,0.0237
upvtotal,v1_080625_USA_BAU_LowRE_abs_constFTL,2015,p34,CO,0.1445
upvtotal,v1_080625_USA_BAU_LowRE_abs_constFTL,2015,p132,CT,0.011
upvtotal,v1_080625_USA_BAU_LowRE_abs_constFTL,2015,p125,DE,0.0294
upvtotal,v1_080625_USA_BAU_LowRE_abs_constFTL,2015,p101,FL,0.06435671600000001
upvtotal,v1_080625_USA_BAU_LowRE_abs_constFTL,2015,p102,FL,0.01
upvtotal,v1_080625_USA_BAU_LowRE_abs_constFTL,2015,p94,GA,0.2481
upvtotal,v1_080625_USA_BAU_LowRE_abs_constFTL,2015,p80,IL,0.029616418
upvtotal,v1_080625_USA_BAU_LowRE_abs_constFTL,2015,p81,IL,0.0009
upvtotal,v1_080625_USA_BAU_LowRE_abs_constFTL,2015,p83,IL,0.0047
upvtotal,v1_080625_USA_BAU_LowRE_abs_constFTL,2015,p105,IN,0.026699999999999998
upvtotal,v1_080625_USA_BAU_LowRE_abs_constFTL,2015,p106,IN,0.0922
upvtotal,v1_080625_USA_BAU_LowRE_abs_constFTL,2015,p107,IN,0.0095
upvtotal,v1_080625_USA_BAU_LowRE_abs_constFTL,2015,p52,KS,0.0012
upvtotal,v1_080625_USA_BAU_LowRE_abs_constFTL,2015,p131,MA,0.3865
upvtotal,v1_080625_USA_BAU_LowRE_abs_constFTL,2015,p121,MD,0.0434
upvtotal,v1_080625_USA_BAU_LowRE_abs_constFTL,2015,p123,MD,0.0628
upvtotal,v1_080625_USA_BAU_LowRE_abs_constFTL,2015,p103,MI,0.002
upvtotal,v1_080625_USA_BAU_LowRE_abs_constFTL,2015,p43,MN,0.0023
upvtotal,v1_080625_USA_BAU_LowRE_abs_constFTL,2015,p44,MN,0.0017
upvtotal,v1_080625_USA_BAU_LowRE_abs_constFTL,2015,p54,MO,0.0028
upvtotal,v1_080625_USA_BAU_LowRE_abs_constFTL,2015,p55,MO,0.0077
upvtotal,v1_080625_USA_BAU_LowRE_abs_constFTL,2015,p71,MO,0.0028
upvtotal,v1_080625_USA_BAU_LowRE_abs_constFTL,2015,p72,MO,0.0045
upvtotal,v1_080625_USA_BAU_LowRE_abs_constFTL,2015,p97,NC,0.2342
upvtotal,v1_080625_USA_BAU_LowRE_abs_constFTL,2015,p98,NC,1.3309
upvtotal,v1_080625_USA_BAU_LowRE_abs_constFTL,2015,p126,NJ,0.4178
upvtotal,v1_080625_USA_BAU_LowRE_abs_constFTL,2015,p31,NM,0.2597
upvtotal,v1_080625_USA_BAU_LowRE_abs_constFTL,2015,p47,NM,0.0533
upvtotal,v1_080625_USA_BAU_LowRE_abs_constFTL,2015,p12,NV,0.1692
upvtotal,v1_080625_USA_BAU_LowRE_abs_constFTL,2015,p13,NV,0.716662687
upvtotal,v1_080625_USA_BAU_LowRE_abs_constFTL,2015,p127,NY,0.0272
upvtotal,v1_080625_USA_BAU_LowRE_abs_constFTL,2015,p128,NY,0.0515
upvtotal,v1_080625_USA_BAU_LowRE_abs_constFTL,2015,p111,OH,0.0047
upvtotal,v1_080625_USA_BAU_LowRE_abs_constFTL,2015,p112,OH,0.0303
upvtotal,v1_080625_USA_BAU_LowRE_abs_constFTL,2015,p113,OH,0.0044
upvtotal,v1_080625_USA_BAU_LowRE_abs_constFTL,2015,p50,OK,0.0025
upvtotal,v1_080625_USA_BAU_LowRE_abs_constFTL,2015,p5,OR,0.0055
upvtotal,v1_080625_USA_BAU_LowRE_abs_constFTL,2015,p6,OR,0.0067
upvtotal,v1_080625_USA_BAU_LowRE_abs_constFTL,2015,p7,OR,0.0064
upvtotal,v1_080625_USA_BAU_LowRE_abs_constFTL,2015,p115,PA,0.0013
upvtotal,v1_080625_USA_BAU_LowRE_abs_constFTL,2015,p133,RI,0.0107
upvtotal,v1_080625_USA_BAU_LowRE_abs_constFTL,2015,p96,SC,0.0025
upvtotal,v1_080625_USA_BAU_LowRE_abs_constFTL,2015,p92,TN,0.0434
upvtotal,v1_080625_USA_BAU_LowRE_abs_constFTL,2015,p59,TX,0.0103
upvtotal,v1_080625_USA_BAU_LowRE_abs_constFTL,2015,p61,TX,0.0798
upvtotal,v1_080625_USA_BAU_LowRE_abs_constFTL,2015,p63,TX,0.002
upvtotal,v1_080625_USA_BAU_LowRE_abs_constFTL,2015,p64,TX,0.0316
upvtotal,v1_080625_USA_BAU_LowRE_abs_constFTL,2015,p65,TX,0.15380000000000002
upvtotal,v1_080625_USA_BAU_LowRE_abs_constFTL,2015,p25,UT,0.1664
upvtotal,v1_080625_USA_BAU_LowRE_abs_constFTL,2015,p129,VT,0.037700000000000004
upvtotal,v1_080625_USA_BAU_LowRE_abs_constFTL,2015,p79,WI,0.001
upvtotal,v1_080625_USA_BAU_LowRE_abs_constFTL,2020,p89,AL,0.0897
upvtotal,v1_080625_USA_BAU_LowRE_abs_constFTL,2020,p90,AL,0.09720000000000001
upvtotal,v1_080625_USA_BAU_LowRE_abs_constFTL,2020,p56,AR,0.009699999999999999
upvtotal,v1_080625_USA_BAU_LowRE_abs_constFTL,2020,p85,AR,0.194
upvtotal,v1_080625_USA_BAU_LowRE_abs_constFTL,2020,p27,AZ,0.0843
upvtotal,v1_080625_USA_BAU_LowRE_abs_constFTL,2020,p28,AZ,2.085404
upvtotal,v1_080625_USA_BAU_LowRE_abs_constFTL,2020,p29,AZ,0.009699999999999999
upvtotal,v1_080625_USA_BAU_LowRE_abs_constFTL,2020,p30,AZ,0.1528
upvtotal,v1_080625_USA_BAU_LowRE_abs_constFTL,2020,p10,CA,9.212323642
upvtotal,v1_080625_USA_BAU_LowRE_abs_constFTL,2020,p11,CA,0.0884
upvtotal,v1_080625_USA_BAU_LowRE_abs_constFTL,2020,p8,CA,0.01
upvtotal,v1_080625_USA_BAU_LowRE_abs_constFTL,2020,p9,CA,3.5094000000000003
upvtotal,v1_080625_USA_BAU_LowRE_abs_constFTL,2020,p33,CO,0.2331
upvtotal,v1_080625_USA_BAU_LowRE_abs_constFTL,2020,p34,CO,0.42189999999999994
upvtotal,v1_080625_USA_BAU_LowRE_abs_constFTL,2020,p132,CT,0.1507
upvtotal,v1_080625_USA_BAU_LowRE_abs_constFTL,2020,p125,DE,0.036199999999999996
upvtotal,v1_080625_USA_BAU_LowRE_abs_constFTL,2020,p101,FL,2.545156716
upvtotal,v1_080625_USA_BAU_LowRE_abs_constFTL,2020,p102,FL,0.6068
upvtotal,v1_080625_USA_BAU_LowRE_abs_constFTL,2020,p91,FL,0.1945
upvtotal,v1_080625_USA_BAU_LowRE_abs_constFTL,2020,p94,GA,2.1648
upvtotal,v1_080625_USA_BAU_LowRE_abs_constFTL,2020,p45,IA,0.003
upvtotal,v1_080625_USA_BAU_LowRE_abs_constFTL,2020,p69,IA,0.0036
upvtotal,v1_080625_USA_BAU_LowRE_abs_constFTL,2020,p70,IA,0.0088
upvtotal,v1_080625_USA_BAU_LowRE_abs_constFTL,2020,p15,ID,0.2
upvtotal,v1_080625_USA_BAU_LowRE_abs_constFTL,2020,p16,ID,0.04
upvtotal,v1_080625_USA_BAU_LowRE_abs_constFTL,2020,p80,IL,0.08571641800000002
upvtotal,v1_080625_USA_BAU_LowRE_abs_constFTL,2020,p81,IL,0.0194
upvtotal,v1_080625_USA_BAU_LowRE_abs_constFTL,2020,p82,IL,0.004
upvtotal,v1_080625_USA_BAU_LowRE_abs_constFTL,2020,p83,IL,0.0143
upvtotal,v1_080625_USA_BAU_LowRE_abs_constFTL,2020,p105,IN,0.0961
upvtotal,v1_080625_USA_BAU_LowRE_abs_constFTL,2020,p106,IN,0.0922
upvtotal,v1_080625_USA_BAU_LowRE_abs_constFTL,2020,p107,IN,0.0849
upvtotal,v1_080625_USA_BAU_LowRE_abs_constFTL,2020,p52,KS,0.0212
upvtotal,v1_080625_USA_BAU_LowRE_abs_constFTL,2020,p53,KS,0.009
upvtotal,v1_080625_USA_BAU_LowRE_abs_constFTL,2020,p109,KY,0.027399999999999997
upvtotal,v1_080625_USA_BAU_LowRE_abs_constFTL,2020,p58,LA,0.0734
upvtotal,v1_080625_USA_BAU_LowRE_abs_constFTL,2020,p131,MA,0.9394
upvtotal,v1_080625_USA_BAU_LowRE_abs_constFTL,2020,p121,MD,0.07339999999999999
upvtotal,v1_080625_USA_BAU_LowRE_abs_constFTL,2020,p123,MD,0.2652
upvtotal,v1_080625_USA_BAU_LowRE_abs_constFTL,2020,p134,ME,0.0649
upvtotal,v1_080625_USA_BAU_LowRE_abs_constFTL,2020,p103,MI,0.2029
upvtotal,v1_080625_USA_BAU_LowRE_abs_constFTL,2020,p104,MI,0.0056
upvtotal,v1_080625_USA_BAU_LowRE_abs_constFTL,2020,p74,MI,0.0011
upvtotal,v1_080625_USA_BAU_LowRE_abs_constFTL,2020,p42,MN,0.005
upvtotal,v1_080625_USA_BAU_LowRE_abs_constFTL,2020,p43,MN,0.8337
upvtotal,v1_080625_USA_BAU_LowRE_abs_constFTL,2020,p44,MN,0.11179999999999998
upvtotal,v1_080625_USA_BAU_LowRE_abs_constFTL,2020,p68,MN,0.0655
upvtotal,v1_080625_USA_BAU_LowRE_abs_constFTL,2020,p54,MO,0.0251
upvtotal,v1_080625_USA_BAU_LowRE_abs_constFTL,2020,p55,MO,0.018099999999999998
upvtotal,v1_080625_USA_BAU_LowRE_abs_constFTL,2020,p71,MO,0.0028
upvtotal,v1_080625_USA_BAU_LowRE_abs_constFTL,2020,p72,MO,0.0086
upvtotal,v1_080625_USA_BAU_LowRE_abs_constFTL,2020,p73,MO,0.0056
upvtotal,v1_080625_USA_BAU_LowRE_abs_constFTL,2020,p84,MO,0.0025
upvtotal,v1_080625_USA_BAU_LowRE_abs_constFTL,2020,p87,MS,0.215
upvtotal,v1_080625_USA_BAU_LowRE_abs_constFTL,2020,p88,MS,0.0031
upvtotal,v1_080625_USA_BAU_LowRE_abs_constFTL,2020,p18,MT,0.014
upvtotal,v1_080625_USA_BAU_LowRE_abs_constFTL,2020,p20,MT,0.003
upvtotal,v1_080625_USA_BAU_LowRE_abs_constFTL,2020,p97,NC,0.8432999999999999
upvtotal,v1_080625_USA_BAU_LowRE_abs_constFTL,2020,p98,NC,4.2708
upvtotal,v1_080625_USA_BAU_LowRE_abs_constFTL,2020,p39,NE,0.0044
upvtotal,v1_080625_USA_BAU_LowRE_abs_constFTL,2020,p40,NE,0.012
upvtotal,v1_080625_USA_BAU_LowRE_abs_constFTL,2020,p41,NE,0.011300000000000001
upvtotal,v1_080625_USA_BAU_LowRE_abs_constFTL,2020,p130,NH,0.0024
upvtotal,v1_080625_USA_BAU_LowRE_abs_constFTL,2020,p126,NJ,0.8432999999999999
upvtotal,v1_080625_USA_BAU_LowRE_abs_constFTL,2020,p31,NM,0.5105
upvtotal,v1_080625_USA_BAU_LowRE_abs_constFTL,2020,p47,NM,0.2227
upvtotal,v1_080625_USA_BAU_LowRE_abs_constFTL,2020,p12,NV,0.4456
upvtotal,v1_080625_USA_BAU_LowRE_abs_constFTL,2020,p13,NV,1.976862687
upvtotal,v1_080625_USA_BAU_LowRE_abs_constFTL,2020,p127,NY,0.5577
upvtotal,v1_080625_USA_BAU_LowRE_abs_constFTL,2020,p128,NY,0.1279
upvtotal,v1_080625_USA_BAU_LowRE_abs_constFTL,2020,p111,OH,0.039400000000000004
upvtotal,v1_080625_USA_BAU_LowRE_abs_constFTL,2020,p112,OH,0.048100000000000004
upvtotal,v1_080625_USA_BAU_LowRE_abs_constFTL,2020,p113,OH,0.0188
upvtotal,v1_080625_USA_BAU_LowRE_abs_constFTL,2020,p50,OK,0.0405
upvtotal,v1_080625_USA_BAU_LowRE_abs_constFTL,2020,p5,OR,0.247
upvtotal,v1_080625_USA_BAU_LowRE_abs_constFTL,2020,p6,OR,0.089
upvtotal,v1_080625_USA_BAU_LowRE_abs_constFTL,2020,p7,OR,0.23779999999999998
upvtotal,v1_080625_USA_BAU_LowRE_abs_constFTL,2020,p115,PA,0.0013
upvtotal,v1_080625_USA_BAU_LowRE_abs_constFTL,2020,p120,PA,0.0685
upvtotal,v1_080625_USA_BAU_LowRE_abs_constFTL,2020,p133,RI,0.1802
upvtotal,v1_080625_USA_BAU_LowRE_abs_constFTL,2020,p95,SC,0.0325
upvtotal,v1_080625_USA_BAU_LowRE_abs_constFTL,2020,p96,SC,1.0662999999999998
upvtotal,v1_080625_USA_BAU_LowRE_abs_constFTL,2020,p38,SD,0.001
upvtotal,v1_080625_USA_BAU_LowRE_abs_constFTL,2020,p92,TN,0.17609999999999998
upvtotal,v1_080625_USA_BAU_LowRE_abs_constFTL,2020,p59,TX,0.015300000000000001
upvtotal,v1_080625_USA_BAU_LowRE_abs_constFTL,2020,p60,TX,0.915
upvtotal,v1_080625_USA_BAU_LowRE_abs_constFTL,2020,p61,TX,1.3528
upvtotal,v1_080625_USA_BAU_LowRE_abs_constFTL,2020,p62,TX,1.1468
upvtotal,v1_080625_USA_BAU_LowRE_abs_constFTL,2020,p63,TX,0.4466
upvtotal,v1_080625_USA_BAU_LowRE_abs_constFTL,2020,p64,TX,0.053200000000000004
upvtotal,v1_080625_USA_BAU_LowRE_abs_constFTL,2020,p65,TX,0.19930000000000003
upvtotal,v1_080625_USA_BAU_LowRE_abs_constFTL,2020,p67,TX,0.13
upvtotal,v1_080625_USA_BAU_LowRE_abs_constFTL,2020,p25,UT,1.1381000000000001
upvtotal,v1_080625_USA_BAU_LowRE_abs_constFTL,2020,p26,UT,0.0576
upvtotal,v1_080625_USA_BAU_LowRE_abs_constFTL,2020,p100,VA,0.0125
upvtotal,v1_080625_USA_BAU_LowRE_abs_constFTL,2020,p118,VA,0.003
upvtotal,v1_080625_USA_BAU_LowRE_abs_constFTL,2020,p124,VA,0.1043
upvtotal,v1_080625_USA_BAU_LowRE_abs_constFTL,2020,p99,VA,1.1279
upvtotal,v1_080625_USA_BAU_LowRE_abs_constFTL,2020,p129,VT,0.1041
upvtotal,v1_080625_USA_BAU_LowRE_abs_constFTL,2020,p3,WA,0.0192
upvtotal,v1_080625_USA_BAU_LowRE_abs_constFTL,2020,p46,WI,0.0228
upvtotal,v1_080625_USA_BAU_LowRE_abs_constFTL,2020,p75,WI,0.15
upvtotal,v1_080625_USA_BAU_LowRE_abs_constFTL,2020,p76,WI,0.0055
upvtotal,v1_080625_USA_BAU_LowRE_abs_constFTL,2020,p77,WI,0.0081
upvtotal,v1_080625_USA_BAU_LowRE_abs_constFTL,2020,p78,WI,0.0179
upvtotal,v1_080625_USA_BAU_LowRE_abs_constFTL,2020,p79,WI,0.001
upvtotal,v1_080625_USA_BAU_LowRE_abs_constFTL,2020,p21,WY,0.092
upvtotal,v1_080625_USA_BAU_LowRE_abs_constFTL,2025,p89,AL,0.460222388
upvtotal,v1_080625_USA_BAU_LowRE_abs_constFTL,2025,p90,AL,0.6169
upvtotal,v1_080625_USA_BAU_LowRE_abs_constFTL,2025,p56,AR,0.014699999999999998
upvtotal,v1_080625_USA_BAU_LowRE_abs_constFTL,2025,p85,AR,1.281686568
upvtotal,v1_080625_USA_BAU_LowRE_abs_constFTL,2025,p27,AZ,0.0843
upvtotal,v1_080625_USA_BAU_LowRE_abs_constFTL,2025,p28,AZ,4.049394599
upvtotal,v1_080625_USA_BAU_LowRE_abs_constFTL,2025,p29,AZ,0.158953731
upvtotal,v1_080625_USA_BAU_LowRE_abs_constFTL,2025,p30,AZ,0.17518805999999998
upvtotal,v1_080625_USA_BAU_LowRE_abs_constFTL,2025,p10,CA,14.962694626
upvtotal,v1_080625_USA_BAU_LowRE_abs_constFTL,2025,p11,CA,0.22740000000000002
upvtotal,v1_080625_USA_BAU_LowRE_abs_constFTL,2025,p8,CA,0.01
upvtotal,v1_080625_USA_BAU_LowRE_abs_constFTL,2025,p9,CA,5.469101493
upvtotal,v1_080625_USA_BAU_LowRE_abs_constFTL,2025,p33,CO,0.7537
upvtotal,v1_080625_USA_BAU_LowRE_abs_constFTL,2025,p34,CO,2.0475
upvtotal,v1_080625_USA_BAU_LowRE_abs_constFTL,2025,p132,CT,0.649956407
upvtotal,v1_080625_USA_BAU_LowRE_abs_constFTL,2025,p125,DE,1.1343902769999998
upvtotal,v1_080625_USA_BAU_LowRE_abs_constFTL,2025,p101,FL,6.7069567160000005
upvtotal,v1_080625_USA_BAU_LowRE_abs_constFTL,2025,p102,FL,2.3948
upvtotal,v1_080625_USA_BAU_LowRE_abs_constFTL,2025,p91,FL,1.8347000000000002
upvtotal,v1_080625_USA_BAU_LowRE_abs_constFTL,2025,p94,GA,4.1211
upvtotal,v1_080625_USA_BAU_LowRE_abs_constFTL,2025,p45,IA,0.195164179
upvtotal,v1_080625_USA_BAU_LowRE_abs_constFTL,2025,p69,IA,0.0081
upvtotal,v1_080625_USA_BAU_LowRE_abs_constFTL,2025,p70,IA,0.34514328399999994
upvtotal,v1_080625_USA_BAU_LowRE_abs_constFTL,2025,p15,ID,0.24000000000000002
upvtotal,v1_080625_USA_BAU_LowRE_abs_constFTL,2025,p16,ID,0.16
upvtotal,v1_080625_USA_BAU_LowRE_abs_constFTL,2025,p80,IL,1.404716418
upvtotal,v1_080625_USA_BAU_LowRE_abs_constFTL,2025,p81,IL,0.532
upvtotal,v1_080625_USA_BAU_LowRE_abs_constFTL,2025,p82,IL,0.13540000000000002
upvtotal,v1_080625_USA_BAU_LowRE_abs_constFTL,2025,p83,IL,0.7854
upvtotal,v1_080625_USA_BAU_LowRE_abs_constFTL,2025,p105,IN,2.6997999999999998
upvtotal,v1_080625_USA_BAU_LowRE_abs_constFTL,2025,p106,IN,0.0922
upvtotal,v1_080625_USA_BAU_LowRE_abs_constFTL,2025,p107,IN,0.8771
upvtotal,v1_080625_USA_BAU_LowRE_abs_constFTL,2025,p52,KS,0.0212
upvtotal,v1_080625_USA_BAU_LowRE_abs_constFTL,2025,p53,KS,0.38213432799999997
upvtotal,v1_080625_USA_BAU_LowRE_abs_constFTL,2025,p108,KY,0.18656716399999998
upvtotal,v1_080625_USA_BAU_LowRE_abs_constFTL,2025,p109,KY,0.2614
upvtotal,v1_080625_USA_BAU_LowRE_abs_constFTL,2025,p93,KY,0.157462687
upvtotal,v1_080625_USA_BAU_LowRE_abs_constFTL,2025,p58,LA,0.6134000000000001
upvtotal,v1_080625_USA_BAU_LowRE_abs_constFTL,2025,p86,LA,0.2
upvtotal,v1_080625_USA_BAU_LowRE_abs_constFTL,2025,p131,MA,1.069336946
upvtotal,v1_080625_USA_BAU_LowRE_abs_constFTL,2025,p121,MD,1.083108209
upvtotal,v1_080625_USA_BAU_LowRE_abs_constFTL,2025,p123,MD,1.109969403
upvtotal,v1_080625_USA_BAU_LowRE_abs_constFTL,2025,p134,ME,0.7713
upvtotal,v1_080625_USA_BAU_LowRE_abs_constFTL,2025,p103,MI,1.3713000000000002
upvtotal,v1_080625_USA_BAU_LowRE_abs_constFTL,2025,p104,MI,0.0056
upvtotal,v1_080625_USA_BAU_LowRE_abs_constFTL,2025,p74,MI,0.038935821
upvtotal,v1_080625_USA_BAU_LowRE_abs_constFTL,2025,p42,MN,0.005
upvtotal,v1_080625_USA_BAU_LowRE_abs_constFTL,2025,p43,MN,1.020068718
upvtotal,v1_080625_USA_BAU_LowRE_abs_constFTL,2025,p44,MN,0.27224776100000003
upvtotal,v1_080625_USA_BAU_LowRE_abs_constFTL,2025,p68,MN,0.15878358199999998
upvtotal,v1_080625_USA_BAU_LowRE_abs_constFTL,2025,p54,MO,0.0351
upvtotal,v1_080625_USA_BAU_LowRE_abs_constFTL,2025,p55,MO,0.0204
upvtotal,v1_080625_USA_BAU_LowRE_abs_constFTL,2025,p71,MO,0.158077869
upvtotal,v1_080625_USA_BAU_LowRE_abs_constFTL,2025,p72,MO,0.622018892
upvtotal,v1_080625_USA_BAU_LowRE_abs_constFTL,2025,p73,MO,0.0056
upvtotal,v1_080625_USA_BAU_LowRE_abs_constFTL,2025,p84,MO,0.023742045
upvtotal,v1_080625_USA_BAU_LowRE_abs_constFTL,2025,p87,MS,1.0445
upvtotal,v1_080625_USA_BAU_LowRE_abs_constFTL,2025,p88,MS,0.316280859
upvtotal,v1_080625_USA_BAU_LowRE_abs_constFTL,2025,p17,MT,0.16
upvtotal,v1_080625_USA_BAU_LowRE_abs_constFTL,2025,p18,MT,0.014
upvtotal,v1_080625_USA_BAU_LowRE_abs_constFTL,2025,p20,MT,0.163
upvtotal,v1_080625_USA_BAU_LowRE_abs_constFTL,2025,p35,MT,0.15
upvtotal,v1_080625_USA_BAU_LowRE_abs_constFTL,2025,p97,NC,1.772
upvtotal,v1_080625_USA_BAU_LowRE_abs_constFTL,2025,p98,NC,5.4368
upvtotal,v1_080625_USA_BAU_LowRE_abs_constFTL,2025,p39,NE,0.019325373
upvtotal,v1_080625_USA_BAU_LowRE_abs_constFTL,2025,p40,NE,0.0235
upvtotal,v1_080625_USA_BAU_LowRE_abs_constFTL,2025,p41,NE,0.09230000000000001
upvtotal,v1_080625_USA_BAU_LowRE_abs_constFTL,2025,p130,NH,0.1124
upvtotal,v1_080625_USA_BAU_LowRE_abs_constFTL,2025,p126,NJ,4.238822388
upvtotal,v1_080625_USA_BAU_LowRE_abs_constFTL,2025,p31,NM,1.388485075
upvtotal,v1_080625_USA_BAU_LowRE_abs_constFTL,2025,p47,NM,0.49470000000000003
upvtotal,v1_080625_USA_BAU_LowRE_abs_constFTL,2025,p12,NV,1.6086
upvtotal,v1_080625_USA_BAU_LowRE_abs_constFTL,2025,p13,NV,3.1536626869999997
upvtotal,v1_080625_USA_BAU_LowRE_abs_constFTL,2025,p127,NY,3.7318
upvtotal,v1_080625_USA_BAU_LowRE_abs_constFTL,2025,p128,NY,0.1508
upvtotal,v1_080625_USA_BAU_LowRE_abs_constFTL,2025,p111,OH,0.1557
upvtotal,v1_080625_USA_BAU_LowRE_abs_constFTL,2025,p112,OH,3.3884
upvtotal,v1_080625_USA_BAU_LowRE_abs_constFTL,2025,p113,OH,0.549
upvtotal,v1_080625_USA_BAU_LowRE_abs_constFTL,2025,p114,OH,0.28
upvtotal,v1_080625_USA_BAU_LowRE_abs_constFTL,2025,p49,OK,0.038432836000000005
upvtotal,v1_080625_USA_BAU_LowRE_abs_constFTL,2025,p50,OK,0.375201493
upvtotal,v1_080625_USA_BAU_LowRE_abs_constFTL,2025,p5,OR,0.7826000000000001
upvtotal,v1_080625_USA_BAU_LowRE_abs_constFTL,2025,p6,OR,0.09459999999999999
upvtotal,v1_080625_USA_BAU_LowRE_abs_constFTL,2025,p7,OR,0.6868
upvtotal,v1_080625_USA_BAU_LowRE_abs_constFTL,2025,p115,PA,0.167138806
upvtotal,v1_080625_USA_BAU_LowRE_abs_constFTL,2025,p120,PA,0.20850000000000002
upvtotal,v1_080625_USA_BAU_LowRE_abs_constFTL,2025,p133,RI,0.391
upvtotal,v1_080625_USA_BAU_LowRE_abs_constFTL,2025,p95,SC,0.07050000000000001
upvtotal,v1_080625_USA_BAU_LowRE_abs_constFTL,2025,p96,SC,1.7159531859999997
upvtotal,v1_080625_USA_BAU_LowRE_abs_constFTL,2025,p32,SD,0.08
upvtotal,v1_080625_USA_BAU_LowRE_abs_constFTL,2025,p38,SD,0.001
upvtotal,v1_080625_USA_BAU_LowRE_abs_constFTL,2025,p92,TN,1.0598
upvtotal,v1_080625_USA_BAU_LowRE_abs_constFTL,2025,p48,TX,1.515
upvtotal,v1_080625_USA_BAU_LowRE_abs_constFTL,2025,p57,TX,0.003
upvtotal,v1_080625_USA_BAU_LowRE_abs_constFTL,2025,p59,TX,0.033956716
upvtotal,v1_080625_USA_BAU_LowRE_abs_constFTL,2025,p60,TX,3.109
upvtotal,v1_080625_USA_BAU_LowRE_abs_constFTL,2025,p61,TX,4.623
upvtotal,v1_080625_USA_BAU_LowRE_abs_constFTL,2025,p62,TX,1.5048
upvtotal,v1_080625_USA_BAU_LowRE_abs_constFTL,2025,p63,TX,9.040817981
upvtotal,v1_080625_USA_BAU_LowRE_abs_constFTL,2025,p64,TX,1.0872
upvtotal,v1_080625_USA_BAU_LowRE_abs_constFTL,2025,p65,TX,5.1406
upvtotal,v1_080625_USA_BAU_LowRE_abs_constFTL,2025,p66,TX,0.14922570899999998
upvtotal,v1_080625_USA_BAU_LowRE_abs_constFTL,2025,p67,TX,3.3153
upvtotal,v1_080625_USA_BAU_LowRE_abs_constFTL,2025,p25,UT,2.963234
upvtotal,v1_080625_USA_BAU_LowRE_abs_constFTL,2025,p26,UT,0.0701
upvtotal,v1_080625_USA_BAU_LowRE_abs_constFTL,2025,p100,VA,0.2475
upvtotal,v1_080625_USA_BAU_LowRE_abs_constFTL,2025,p118,VA,0.896445619
upvtotal,v1_080625_USA_BAU_LowRE_abs_constFTL,2025,p124,VA,0.7661619049999999
upvtotal,v1_080625_USA_BAU_LowRE_abs_constFTL,2025,p99,VA,3.9719208339999996
upvtotal,v1_080625_USA_BAU_LowRE_abs_constFTL,2025,p129,VT,0.14700000000000002
upvtotal,v1_080625_USA_BAU_LowRE_abs_constFTL,2025,p1,WA,0.015
upvtotal,v1_080625_USA_BAU_LowRE_abs_constFTL,2025,p2,WA,0.33
upvtotal,v1_080625_USA_BAU_LowRE_abs_constFTL,2025,p3,WA,0.0192
upvtotal,v1_080625_USA_BAU_LowRE_abs_constFTL,2025,p46,WI,0.032600000000000004
upvtotal,v1_080625_USA_BAU_LowRE_abs_constFTL,2025,p75,WI,0.2575
upvtotal,v1_080625_USA_BAU_LowRE_abs_constFTL,2025,p76,WI,0.46
upvtotal,v1_080625_USA_BAU_LowRE_abs_constFTL,2025,p77,WI,0.8651
upvtotal,v1_080625_USA_BAU_LowRE_abs_constFTL,2025,p78,WI,0.23659999999999998
upvtotal,v1_080625_USA_BAU_LowRE_abs_constFTL,2025,p79,WI,0.2293
upvtotal,v1_080625_USA_BAU_LowRE_abs_constFTL,2025,p116,WV,0.415153639
upvtotal,v1_080625_USA_BAU_LowRE_abs_constFTL,2025,p21,WY,0.149835821
upvtotal,v1_080625_USA_BAU_LowRE_abs_constFTL,2030,p89,AL,0.460222388
upvtotal,v1_080625_USA_BAU_LowRE_abs_constFTL,2030,p90,AL,0.6169
upvtotal,v1_080625_USA_BAU_LowRE_abs_constFTL,2030,p56,AR,0.062313454
upvtotal,v1_080625_USA_BAU_LowRE_abs_constFTL,2030,p85,AR,5.290043262999999
upvtotal,v1_080625_USA_BAU_LowRE_abs_constFTL,2030,p27,AZ,0.0843
upvtotal,v1_080625_USA_BAU_LowRE_abs_constFTL,2030,p28,AZ,4.049394599
upvtotal,v1_080625_USA_BAU_LowRE_abs_constFTL,2030,p29,AZ,0.158953731
upvtotal,v1_080625_USA_BAU_LowRE_abs_constFTL,2030,p30,AZ,0.17518805999999998
upvtotal,v1_080625_USA_BAU_LowRE_abs_constFTL,2030,p10,CA,14.962694626
upvtotal,v1_080625_USA_BAU_LowRE_abs_constFTL,2030,p11,CA,0.22740000000000002
upvtotal,v1_080625_USA_BAU_LowRE_abs_constFTL,2030,p8,CA,0.678183246
upvtotal,v1_080625_USA_BAU_LowRE_abs_constFTL,2030,p9,CA,17.623133464
upvtotal,v1_080625_USA_BAU_LowRE_abs_constFTL,2030,p33,CO,2.471938065
upvtotal,v1_080625_USA_BAU_LowRE_abs_constFTL,2030,p34,CO,2.814830855
upvtotal,v1_080625_USA_BAU_LowRE_abs_constFTL,2030,p132,CT,0.649956407
upvtotal,v1_080625_USA_BAU_LowRE_abs_constFTL,2030,p125,DE,2.783037313
upvtotal,v1_080625_USA_BAU_LowRE_abs_constFTL,2030,p101,FL,7.004956716000001
upvtotal,v1_080625_USA_BAU_LowRE_abs_constFTL,2030,p102,FL,2.4693
upvtotal,v1_080625_USA_BAU_LowRE_abs_constFTL,2030,p91,FL,1.9837000000000002
upvtotal,v1_080625_USA_BAU_LowRE_abs_constFTL,2030,p94,GA,4.1211
upvtotal,v1_080625_USA_BAU_LowRE_abs_constFTL,2030,p45,IA,0.195164179
upvtotal,v1_080625_USA_BAU_LowRE_abs_constFTL,2030,p69,IA,0.0081
upvtotal,v1_080625_USA_BAU_LowRE_abs_constFTL,2030,p70,IA,0.34514328399999994
upvtotal,v1_080625_USA_BAU_LowRE_abs_constFTL,2030,p15,ID,0.24000000000000002
upvtotal,v1_080625_USA_BAU_LowRE_abs_constFTL,2030,p16,ID,0.16
upvtotal,v1_080625_USA_BAU_LowRE_abs_constFTL,2030,p80,IL,1.404716418
upvtotal,v1_080625_USA_BAU_LowRE_abs_constFTL,2030,p81,IL,4.777048782
upvtotal,v1_080625_USA_BAU_LowRE_abs_constFTL,2030,p82,IL,0.17798660900000002
upvtotal,v1_080625_USA_BAU_LowRE_abs_constFTL,2030,p83,IL,2.567978191
upvtotal,v1_080625_USA_BAU_LowRE_abs_constFTL,2030,p105,IN,4.786042633999999
upvtotal,v1_080625_USA_BAU_LowRE_abs_constFTL,2030,p106,IN,0.0922
upvtotal,v1_080625_USA_BAU_LowRE_abs_constFTL,2030,p107,IN,2.984280791
upvtotal,v1_080625_USA_BAU_LowRE_abs_constFTL,2030,p52,KS,0.07853276399999999
upvtotal,v1_080625_USA_BAU_LowRE_abs_constFTL,2030,p53,KS,1.72928098
upvtotal,v1_080625_USA_BAU_LowRE_abs_constFTL,2030,p108,KY,1.183775373
upvtotal,v1_080625_USA_BAU_LowRE_abs_constFTL,2030,p109,KY,0.2614
upvtotal,v1_080625_USA_BAU_LowRE_abs_constFTL,2030,p93,KY,1.3520828360000001
upvtotal,v1_080625_USA_BAU_LowRE_abs_constFTL,2030,p58,LA,0.6134000000000001
upvtotal,v1_080625_USA_BAU_LowRE_abs_constFTL,2030,p86,LA,2.9462686569999996
upvtotal,v1_080625_USA_BAU_LowRE_abs_constFTL,2030,p131,MA,1.069336946
upvtotal,v1_080625_USA_BAU_LowRE_abs_constFTL,2030,p121,MD,1.083108209
upvtotal,v1_080625_USA_BAU_LowRE_abs_constFTL,2030,p123,MD,1.109969403
upvtotal,v1_080625_USA_BAU_LowRE_abs_constFTL,2030,p134,ME,0.7713
upvtotal,v1_080625_USA_BAU_LowRE_abs_constFTL,2030,p103,MI,1.3713000000000002
upvtotal,v1_080625_USA_BAU_LowRE_abs_constFTL,2030,p104,MI,0.0056
upvtotal,v1_080625_USA_BAU_LowRE_abs_constFTL,2030,p74,MI,0.07885186599999999
upvtotal,v1_080625_USA_BAU_LowRE_abs_constFTL,2030,p42,MN,0.005
upvtotal,v1_080625_USA_BAU_LowRE_abs_constFTL,2030,p43,MN,1.020068718
upvtotal,v1_080625_USA_BAU_LowRE_abs_constFTL,2030,p44,MN,1.0069605419999998
upvtotal,v1_080625_USA_BAU_LowRE_abs_constFTL,2030,p68,MN,0.15878358199999998
upvtotal,v1_080625_USA_BAU_LowRE_abs_constFTL,2030,p54,MO,0.0351
upvtotal,v1_080625_USA_BAU_LowRE_abs_constFTL,2030,p55,MO,0.882624455
upvtotal,v1_080625_USA_BAU_LowRE_abs_constFTL,2030,p71,MO,0.17375637600000002
upvtotal,v1_080625_USA_BAU_LowRE_abs_constFTL,2030,p72,MO,3.0668020070000006
upvtotal,v1_080625_USA_BAU_LowRE_abs_constFTL,2030,p73,MO,0.9882115710000001
upvtotal,v1_080625_USA_BAU_LowRE_abs_constFTL,2030,p84,MO,0.035608577
upvtotal,v1_080625_USA_BAU_LowRE_abs_constFTL,2030,p87,MS,1.675654773
upvtotal,v1_080625_USA_BAU_LowRE_abs_constFTL,2030,p88,MS,3.5549911269999996
upvtotal,v1_080625_USA_BAU_LowRE_abs_constFTL,2030,p17,MT,0.16
upvtotal,v1_080625_USA_BAU_LowRE_abs_constFTL,2030,p18,MT,0.014
upvtotal,v1_080625_USA_BAU_LowRE_abs_constFTL,2030,p20,MT,0.163
upvtotal,v1_080625_USA_BAU_LowRE_abs_constFTL,2030,p35,MT,0.306544369
upvtotal,v1_080625_USA_BAU_LowRE_abs_constFTL,2030,p97,NC,1.772
upvtotal,v1_080625_USA_BAU_LowRE_abs_constFTL,2030,p98,NC,5.4368
upvtotal,v1_080625_USA_BAU_LowRE_abs_constFTL,2030,p39,NE,0.220964608
upvtotal,v1_080625_USA_BAU_LowRE_abs_constFTL,2030,p40,NE,0.29373642000000005
upvtotal,v1_080625_USA_BAU_LowRE_abs_constFTL,2030,p41,NE,0.198782554
upvtotal,v1_080625_USA_BAU_LowRE_abs_constFTL,2030,p130,NH,0.1124
upvtotal,v1_080625_USA_BAU_LowRE_abs_constFTL,2030,p126,NJ,6.3860521
upvtotal,v1_080625_USA_BAU_LowRE_abs_constFTL,2030,p31,NM,1.388485075
upvtotal,v1_080625_USA_BAU_LowRE_abs_constFTL,2030,p47,NM,2.172984178
upvtotal,v1_080625_USA_BAU_LowRE_abs_constFTL,2030,p12,NV,1.6086
upvtotal,v1_080625_USA_BAU_LowRE_abs_constFTL,2030,p13,NV,3.1536626869999997
upvtotal,v1_080625_USA_BAU_LowRE_abs_constFTL,2030,p127,NY,13.406548138
upvtotal,v1_080625_USA_BAU_LowRE_abs_constFTL,2030,p128,NY,0.1508
upvtotal,v1_080625_USA_BAU_LowRE_abs_constFTL,2030,p111,OH,0.1557
upvtotal,v1_080625_USA_BAU_LowRE_abs_constFTL,2030,p112,OH,3.3884
upvtotal,v1_080625_USA_BAU_LowRE_abs_constFTL,2030,p113,OH,0.549
upvtotal,v1_080625_USA_BAU_LowRE_abs_constFTL,2030,p114,OH,0.28
upvtotal,v1_080625_USA_BAU_LowRE_abs_constFTL,2030,p49,OK,0.064110903
upvtotal,v1_080625_USA_BAU_LowRE_abs_constFTL,2030,p50,OK,1.230925676
upvtotal,v1_080625_USA_BAU_LowRE_abs_constFTL,2030,p51,OK,1.126060436
upvtotal,v1_080625_USA_BAU_LowRE_abs_constFTL,2030,p5,OR,0.7826000000000001
upvtotal,v1_080625_USA_BAU_LowRE_abs_constFTL,2030,p6,OR,0.09459999999999999
upvtotal,v1_080625_USA_BAU_LowRE_abs_constFTL,2030,p7,OR,0.6868
upvtotal,v1_080625_USA_BAU_LowRE_abs_constFTL,2030,p115,PA,0.167138806
upvtotal,v1_080625_USA_BAU_LowRE_abs_constFTL,2030,p120,PA,0.705302239
upvtotal,v1_080625_USA_BAU_LowRE_abs_constFTL,2030,p133,RI,0.391
upvtotal,v1_080625_USA_BAU_LowRE_abs_constFTL,2030,p95,SC,0.07050000000000001
upvtotal,v1_080625_USA_BAU_LowRE_abs_constFTL,2030,p96,SC,1.719953186
upvtotal,v1_080625_USA_BAU_LowRE_abs_constFTL,2030,p32,SD,0.08
upvtotal,v1_080625_USA_BAU_LowRE_abs_constFTL,2030,p38,SD,0.001
upvtotal,v1_080625_USA_BAU_LowRE_abs_constFTL,2030,p92,TN,1.0598
upvtotal,v1_080625_USA_BAU_LowRE_abs_constFTL,2030,p48,TX,2.822972225
upvtotal,v1_080625_USA_BAU_LowRE_abs_constFTL,2030,p57,TX,1.424807124
upvtotal,v1_080625_USA_BAU_LowRE_abs_constFTL,2030,p59,TX,0.033956716
upvtotal,v1_080625_USA_BAU_LowRE_abs_constFTL,2030,p60,TX,3.276718281
upvtotal,v1_080625_USA_BAU_LowRE_abs_constFTL,2030,p61,TX,8.388204941
upvtotal,v1_080625_USA_BAU_LowRE_abs_constFTL,2030,p62,TX,1.5048
upvtotal,v1_080625_USA_BAU_LowRE_abs_constFTL,2030,p63,TX,9.040817981
upvtotal,v1_080625_USA_BAU_LowRE_abs_constFTL,2030,p64,TX,1.0872
upvtotal,v1_080625_USA_BAU_LowRE_abs_constFTL,2030,p65,TX,5.1406
upvtotal,v1_080625_USA_BAU_LowRE_abs_constFTL,2030,p66,TX,1.534227612
upvtotal,v1_080625_USA_BAU_LowRE_abs_constFTL,2030,p67,TX,3.3153
upvtotal,v1_080625_USA_BAU_LowRE_abs_constFTL,2030,p25,UT,2.963234
upvtotal,v1_080625_USA_BAU_LowRE_abs_constFTL,2030,p26,UT,0.0701
upvtotal,v1_080625_USA_BAU_LowRE_abs_constFTL,2030,p100,VA,0.2475
upvtotal,v1_080625_USA_BAU_LowRE_abs_constFTL,2030,p118,VA,0.896445619
upvtotal,v1_080625_USA_BAU_LowRE_abs_constFTL,2030,p124,VA,0.809264925
upvtotal,v1_080625_USA_BAU_LowRE_abs_constFTL,2030,p99,VA,3.9719208339999996
upvtotal,v1_080625_USA_BAU_LowRE_abs_constFTL,2030,p129,VT,0.14700000000000002
upvtotal,v1_080625_USA_BAU_LowRE_abs_constFTL,2030,p1,WA,0.015
upvtotal,v1_080625_USA_BAU_LowRE_abs_constFTL,2030,p2,WA,0.797424041
upvtotal,v1_080625_USA_BAU_LowRE_abs_constFTL,2030,p3,WA,0.0192
upvtotal,v1_080625_USA_BAU_LowRE_abs_constFTL,2030,p46,WI,0.032600000000000004
upvtotal,v1_080625_USA_BAU_LowRE_abs_constFTL,2030,p75,WI,0.9503405729999999
upvtotal,v1_080625_USA_BAU_LowRE_abs_constFTL,2030,p76,WI,0.470995
upvtotal,v1_080625_USA_BAU_LowRE_abs_constFTL,2030,p77,WI,0.8651
upvtotal,v1_080625_USA_BAU_LowRE_abs_constFTL,2030,p78,WI,0.23659999999999998
upvtotal,v1_080625_USA_BAU_LowRE_abs_constFTL,2030,p79,WI,0.2293
upvtotal,v1_080625_USA_BAU_LowRE_abs_constFTL,2030,p116,WV,0.45684568000000003
upvtotal,v1_080625_USA_BAU_LowRE_abs_constFTL,2030,p117,WV,0.113256716
upvtotal,v1_080625_USA_BAU_LowRE_abs_constFTL,2030,p21,WY,0.149835821
upvtotal,v1_080625_USA_BAU_LowRE_abs_constFTL,2035,p89,AL,7.644812292
upvtotal,v1_080625_USA_BAU_LowRE_abs_constFTL,2035,p90,AL,0.6169
upvtotal,v1_080625_USA_BAU_LowRE_abs_constFTL,2035,p56,AR,0.062313454
upvtotal,v1_080625_USA_BAU_LowRE_abs_constFTL,2035,p85,AR,5.290043262999999
upvtotal,v1_080625_USA_BAU_LowRE_abs_constFTL,2035,p27,AZ,2.0338320899999998
upvtotal,v1_080625_USA_BAU_LowRE_abs_constFTL,2035,p28,AZ,4.049394599
upvtotal,v1_080625_USA_BAU_LowRE_abs_constFTL,2035,p29,AZ,2.168687204
upvtotal,v1_080625_USA_BAU_LowRE_abs_constFTL,2035,p30,AZ,0.25932013
upvtotal,v1_080625_USA_BAU_LowRE_abs_constFTL,2035,p10,CA,14.962694626
upvtotal,v1_080625_USA_BAU_LowRE_abs_constFTL,2035,p11,CA,0.22740000000000002
upvtotal,v1_080625_USA_BAU_LowRE_abs_constFTL,2035,p8,CA,0.678183246
upvtotal,v1_080625_USA_BAU_LowRE_abs_constFTL,2035,p9,CA,17.623133464
upvtotal,v1_080625_USA_BAU_LowRE_abs_constFTL,2035,p33,CO,2.471938065
upvtotal,v1_080625_USA_BAU_LowRE_abs_constFTL,2035,p34,CO,2.814830855
upvtotal,v1_080625_USA_BAU_LowRE_abs_constFTL,2035,p132,CT,0.649956407
upvtotal,v1_080625_USA_BAU_LowRE_abs_constFTL,2035,p125,DE,2.783037313
upvtotal,v1_080625_USA_BAU_LowRE_abs_constFTL,2035,p101,FL,7.004956716000001
upvtotal,v1_080625_USA_BAU_LowRE_abs_constFTL,2035,p102,FL,2.4693
upvtotal,v1_080625_USA_BAU_LowRE_abs_constFTL,2035,p91,FL,1.9837000000000002
upvtotal,v1_080625_USA_BAU_LowRE_abs_constFTL,2035,p94,GA,4.1211
upvtotal,v1_080625_USA_BAU_LowRE_abs_constFTL,2035,p45,IA,0.195164179
upvtotal,v1_080625_USA_BAU_LowRE_abs_constFTL,2035,p69,IA,0.0081
upvtotal,v1_080625_USA_BAU_LowRE_abs_constFTL,2035,p70,IA,0.34514328399999994
upvtotal,v1_080625_USA_BAU_LowRE_abs_constFTL,2035,p15,ID,0.24000000000000002
upvtotal,v1_080625_USA_BAU_LowRE_abs_constFTL,2035,p16,ID,0.2138574
upvtotal,v1_080625_USA_BAU_LowRE_abs_constFTL,2035,p80,IL,1.799160288
upvtotal,v1_080625_USA_BAU_LowRE_abs_constFTL,2035,p81,IL,4.777048782
upvtotal,v1_080625_USA_BAU_LowRE_abs_constFTL,2035,p82,IL,0.17798660900000002
upvtotal,v1_080625_USA_BAU_LowRE_abs_constFTL,2035,p83,IL,2.567978191
upvtotal,v1_080625_USA_BAU_LowRE_abs_constFTL,2035,p105,IN,4.786042633999999
upvtotal,v1_080625_USA_BAU_LowRE_abs_constFTL,2035,p106,IN,0.0922
upvtotal,v1_080625_USA_BAU_LowRE_abs_constFTL,2035,p107,IN,2.984280791
upvtotal,v1_080625_USA_BAU_LowRE_abs_constFTL,2035,p52,KS,0.16355879499999998
upvtotal,v1_080625_USA_BAU_LowRE_abs_constFTL,2035,p53,KS,5.051770572
upvtotal,v1_080625_USA_BAU_LowRE_abs_constFTL,2035,p108,KY,1.183775373
upvtotal,v1_080625_USA_BAU_LowRE_abs_constFTL,2035,p109,KY,0.2614
upvtotal,v1_080625_USA_BAU_LowRE_abs_constFTL,2035,p93,KY,1.3520828360000001
upvtotal,v1_080625_USA_BAU_LowRE_abs_constFTL,2035,p58,LA,0.6134000000000001
upvtotal,v1_080625_USA_BAU_LowRE_abs_constFTL,2035,p86,LA,2.9462686569999996
upvtotal,v1_080625_USA_BAU_LowRE_abs_constFTL,2035,p131,MA,1.069336946
upvtotal,v1_080625_USA_BAU_LowRE_abs_constFTL,2035,p121,MD,1.083108209
upvtotal,v1_080625_USA_BAU_LowRE_abs_constFTL,2035,p123,MD,1.109969403
upvtotal,v1_080625_USA_BAU_LowRE_abs_constFTL,2035,p134,ME,0.7713
upvtotal,v1_080625_USA_BAU_LowRE_abs_constFTL,2035,p103,MI,1.3713000000000002
upvtotal,v1_080625_USA_BAU_LowRE_abs_constFTL,2035,p104,MI,0.0056
upvtotal,v1_080625_USA_BAU_LowRE_abs_constFTL,2035,p74,MI,0.07885186599999999
upvtotal,v1_080625_USA_BAU_LowRE_abs_constFTL,2035,p42,MN,0.005
upvtotal,v1_080625_USA_BAU_LowRE_abs_constFTL,2035,p43,MN,1.020068718
upvtotal,v1_080625_USA_BAU_LowRE_abs_constFTL,2035,p44,MN,1.401241791
upvtotal,v1_080625_USA_BAU_LowRE_abs_constFTL,2035,p68,MN,0.15878358199999998
upvtotal,v1_080625_USA_BAU_LowRE_abs_constFTL,2035,p54,MO,0.041930735000000004
upvtotal,v1_080625_USA_BAU_LowRE_abs_constFTL,2035,p55,MO,1.2888662419999999
upvtotal,v1_080625_USA_BAU_LowRE_abs_constFTL,2035,p71,MO,0.17375637600000002
upvtotal,v1_080625_USA_BAU_LowRE_abs_constFTL,2035,p72,MO,3.0668020070000006
upvtotal,v1_080625_USA_BAU_LowRE_abs_constFTL,2035,p73,MO,0.9882115710000001
upvtotal,v1_080625_USA_BAU_LowRE_abs_constFTL,2035,p84,MO,0.035608577
upvtotal,v1_080625_USA_BAU_LowRE_abs_constFTL,2035,p87,MS,1.675654773
upvtotal,v1_080625_USA_BAU_LowRE_abs_constFTL,2035,p88,MS,3.5549911269999996
upvtotal,v1_080625_USA_BAU_LowRE_abs_constFTL,2035,p17,MT,0.16
upvtotal,v1_080625_USA_BAU_LowRE_abs_constFTL,2035,p18,MT,0.014
upvtotal,v1_080625_USA_BAU_LowRE_abs_constFTL,2035,p20,MT,0.163
upvtotal,v1_080625_USA_BAU_LowRE_abs_constFTL,2035,p35,MT,0.306544369
upvtotal,v1_080625_USA_BAU_LowRE_abs_constFTL,2035,p97,NC,1.772
upvtotal,v1_080625_USA_BAU_LowRE_abs_constFTL,2035,p98,NC,5.4368
upvtotal,v1_080625_USA_BAU_LowRE_abs_constFTL,2035,p39,NE,0.220964608
upvtotal,v1_080625_USA_BAU_LowRE_abs_constFTL,2035,p40,NE,2.034067762
upvtotal,v1_080625_USA_BAU_LowRE_abs_constFTL,2035,p41,NE,1.2221882010000003
upvtotal,v1_080625_USA_BAU_LowRE_abs_constFTL,2035,p130,NH,0.1124
upvtotal,v1_080625_USA_BAU_LowRE_abs_constFTL,2035,p126,NJ,6.3860521
upvtotal,v1_080625_USA_BAU_LowRE_abs_constFTL,2035,p31,NM,3.0757884189999998
upvtotal,v1_080625_USA_BAU_LowRE_abs_constFTL,2035,p47,NM,2.172984178
upvtotal,v1_080625_USA_BAU_LowRE_abs_constFTL,2035,p12,NV,1.6086
upvtotal,v1_080625_USA_BAU_LowRE_abs_constFTL,2035,p13,NV,6.2237817060000005
upvtotal,v1_080625_USA_BAU_LowRE_abs_constFTL,2035,p127,NY,13.406548138
upvtotal,v1_080625_USA_BAU_LowRE_abs_constFTL,2035,p128,NY,0.1508
upvtotal,v1_080625_USA_BAU_LowRE_abs_constFTL,2035,p111,OH,0.1557
upvtotal,v1_080625_USA_BAU_LowRE_abs_constFTL,2035,p112,OH,3.3884
upvtotal,v1_080625_USA_BAU_LowRE_abs_constFTL,2035,p113,OH,0.549
upvtotal,v1_080625_USA_BAU_LowRE_abs_constFTL,2035,p114,OH,0.28
upvtotal,v1_080625_USA_BAU_LowRE_abs_constFTL,2035,p49,OK,3.48163876
upvtotal,v1_080625_USA_BAU_LowRE_abs_constFTL,2035,p50,OK,1.3592747340000002
upvtotal,v1_080625_USA_BAU_LowRE_abs_constFTL,2035,p51,OK,1.126060436
upvtotal,v1_080625_USA_BAU_LowRE_abs_constFTL,2035,p5,OR,0.7826000000000001
upvtotal,v1_080625_USA_BAU_LowRE_abs_constFTL,2035,p6,OR,0.7466298500000002
upvtotal,v1_080625_USA_BAU_LowRE_abs_constFTL,2035,p7,OR,4.266975888
upvtotal,v1_080625_USA_BAU_LowRE_abs_constFTL,2035,p115,PA,0.167138806
upvtotal,v1_080625_USA_BAU_LowRE_abs_constFTL,2035,p120,PA,0.705302239
upvtotal,v1_080625_USA_BAU_LowRE_abs_constFTL,2035,p133,RI,1.029063606
upvtotal,v1_080625_USA_BAU_LowRE_abs_constFTL,2035,p95,SC,6.810297573
upvtotal,v1_080625_USA_BAU_LowRE_abs_constFTL,2035,p96,SC,2.658514818
upvtotal,v1_080625_USA_BAU_LowRE_abs_constFTL,2035,p32,SD,0.08
upvtotal,v1_080625_USA_BAU_LowRE_abs_constFTL,2035,p38,SD,0.001
upvtotal,v1_080625_USA_BAU_LowRE_abs_constFTL,2035,p92,TN,1.0598
upvtotal,v1_080625_USA_BAU_LowRE_abs_constFTL,2035,p48,TX,3.951315201
upvtotal,v1_080625_USA_BAU_LowRE_abs_constFTL,2035,p57,TX,2.295185485
upvtotal,v1_080625_USA_BAU_LowRE_abs_constFTL,2035,p59,TX,0.5871332739999999
upvtotal,v1_080625_USA_BAU_LowRE_abs_constFTL,2035,p60,TX,3.443251457
upvtotal,v1_080625_USA_BAU_LowRE_abs_constFTL,2035,p61,TX,12.247749268
upvtotal,v1_080625_USA_BAU_LowRE_abs_constFTL,2035,p62,TX,2.877567463
upvtotal,v1_080625_USA_BAU_LowRE_abs_constFTL,2035,p63,TX,9.040817981
upvtotal,v1_080625_USA_BAU_LowRE_abs_constFTL,2035,p64,TX,1.0872
upvtotal,v1_080625_USA_BAU_LowRE_abs_constFTL,2035,p65,TX,5.1406
upvtotal,v1_080625_USA_BAU_LowRE_abs_constFTL,2035,p66,TX,1.534227612
upvtotal,v1_080625_USA_BAU_LowRE_abs_constFTL,2035,p67,TX,3.3153
upvtotal,v1_080625_USA_BAU_LowRE_abs_constFTL,2035,p25,UT,2.963234
upvtotal,v1_080625_USA_BAU_LowRE_abs_constFTL,2035,p26,UT,0.124314993
upvtotal,v1_080625_USA_BAU_LowRE_abs_constFTL,2035,p100,VA,0.2475
upvtotal,v1_080625_USA_BAU_LowRE_abs_constFTL,2035,p118,VA,0.896445619
upvtotal,v1_080625_USA_BAU_LowRE_abs_constFTL,2035,p124,VA,0.809264925
upvtotal,v1_080625_USA_BAU_LowRE_abs_constFTL,2035,p99,VA,3.9719208339999996
upvtotal,v1_080625_USA_BAU_LowRE_abs_constFTL,2035,p129,VT,0.14700000000000002
upvtotal,v1_080625_USA_BAU_LowRE_abs_constFTL,2035,p1,WA,0.015
upvtotal,v1_080625_USA_BAU_LowRE_abs_constFTL,2035,p2,WA,0.797424041
upvtotal,v1_080625_USA_BAU_LowRE_abs_constFTL,2035,p3,WA,0.0192
upvtotal,v1_080625_USA_BAU_LowRE_abs_constFTL,2035,p4,WA,0.0024003640000000003
upvtotal,v1_080625_USA_BAU_LowRE_abs_constFTL,2035,p46,WI,0.032600000000000004
upvtotal,v1_080625_USA_BAU_LowRE_abs_constFTL,2035,p75,WI,0.9503405729999999
upvtotal,v1_080625_USA_BAU_LowRE_abs_constFTL,2035,p76,WI,0.470995
upvtotal,v1_080625_USA_BAU_LowRE_abs_constFTL,2035,p77,WI,0.8651
upvtotal,v1_080625_USA_BAU_LowRE_abs_constFTL,2035,p78,WI,0.23659999999999998
upvtotal,v1_080625_USA_BAU_LowRE_abs_constFTL,2035,p79,WI,0.2293
upvtotal,v1_080625_USA_BAU_LowRE_abs_constFTL,2035,p116,WV,0.45684568000000003
upvtotal,v1_080625_USA_BAU_LowRE_abs_constFTL,2035,p117,WV,0.113256716
upvtotal,v1_080625_USA_BAU_LowRE_abs_constFTL,2035,p21,WY,0.6577625720000001
upvtotal,v1_080625_USA_BAU_LowRE_abs_constFTL,2040,p89,AL,10.427355926
upvtotal,v1_080625_USA_BAU_LowRE_abs_constFTL,2040,p90,AL,0.6169
upvtotal,v1_080625_USA_BAU_LowRE_abs_constFTL,2040,p56,AR,0.062313454
upvtotal,v1_080625_USA_BAU_LowRE_abs_constFTL,2040,p85,AR,5.290043262999999
upvtotal,v1_080625_USA_BAU_LowRE_abs_constFTL,2040,p27,AZ,2.0338320899999998
upvtotal,v1_080625_USA_BAU_LowRE_abs_constFTL,2040,p28,AZ,4.045894599
upvtotal,v1_080625_USA_BAU_LowRE_abs_constFTL,2040,p29,AZ,2.246157195
upvtotal,v1_080625_USA_BAU_LowRE_abs_constFTL,2040,p30,AZ,0.25722013
upvtotal,v1_080625_USA_BAU_LowRE_abs_constFTL,2040,p10,CA,14.962694626
upvtotal,v1_080625_USA_BAU_LowRE_abs_constFTL,2040,p11,CA,0.22740000000000002
upvtotal,v1_080625_USA_BAU_LowRE_abs_constFTL,2040,p8,CA,2.245478145
upvtotal,v1_080625_USA_BAU_LowRE_abs_constFTL,2040,p9,CA,17.602733464
upvtotal,v1_080625_USA_BAU_LowRE_abs_constFTL,2040,p33,CO,2.471038065
upvtotal,v1_080625_USA_BAU_LowRE_abs_constFTL,2040,p34,CO,3.230003833
upvtotal,v1_080625_USA_BAU_LowRE_abs_constFTL,2040,p132,CT,0.649956407
upvtotal,v1_080625_USA_BAU_LowRE_abs_constFTL,2040,p125,DE,3.279216435
upvtotal,v1_080625_USA_BAU_LowRE_abs_constFTL,2040,p101,FL,17.944020567
upvtotal,v1_080625_USA_BAU_LowRE_abs_constFTL,2040,p102,FL,2.4593
upvtotal,v1_080625_USA_BAU_LowRE_abs_constFTL,2040,p91,FL,2.0206305970000003
upvtotal,v1_080625_USA_BAU_LowRE_abs_constFTL,2040,p94,GA,4.1211
upvtotal,v1_080625_USA_BAU_LowRE_abs_constFTL,2040,p45,IA,0.195164179
upvtotal,v1_080625_USA_BAU_LowRE_abs_constFTL,2040,p69,IA,0.0081
upvtotal,v1_080625_USA_BAU_LowRE_abs_constFTL,2040,p70,IA,0.34514328399999994
upvtotal,v1_080625_USA_BAU_LowRE_abs_constFTL,2040,p15,ID,2.2495783580000004
upvtotal,v1_080625_USA_BAU_LowRE_abs_constFTL,2040,p16,ID,3.591274433
upvtotal,v1_080625_USA_BAU_LowRE_abs_constFTL,2040,p80,IL,4.845843095999999
upvtotal,v1_080625_USA_BAU_LowRE_abs_constFTL,2040,p81,IL,4.777048782
upvtotal,v1_080625_USA_BAU_LowRE_abs_constFTL,2040,p82,IL,0.8280273650000001
upvtotal,v1_080625_USA_BAU_LowRE_abs_constFTL,2040,p83,IL,2.567978191
upvtotal,v1_080625_USA_BAU_LowRE_abs_constFTL,2040,p105,IN,4.786042633999999
upvtotal,v1_080625_USA_BAU_LowRE_abs_constFTL,2040,p106,IN,0.0922
upvtotal,v1_080625_USA_BAU_LowRE_abs_constFTL,2040,p107,IN,2.984280791
upvtotal,v1_080625_USA_BAU_LowRE_abs_constFTL,2040,p52,KS,0.287607563
upvtotal,v1_080625_USA_BAU_LowRE_abs_constFTL,2040,p53,KS,5.051770572
upvtotal,v1_080625_USA_BAU_LowRE_abs_constFTL,2040,p108,KY,1.183775373
upvtotal,v1_080625_USA_BAU_LowRE_abs_constFTL,2040,p109,KY,0.426551408
upvtotal,v1_080625_USA_BAU_LowRE_abs_constFTL,2040,p93,KY,2.009927769
upvtotal,v1_080625_USA_BAU_LowRE_abs_constFTL,2040,p58,LA,0.6134000000000001
upvtotal,v1_080625_USA_BAU_LowRE_abs_constFTL,2040,p86,LA,2.9462686569999996
upvtotal,v1_080625_USA_BAU_LowRE_abs_constFTL,2040,p131,MA,1.0659369459999999
upvtotal,v1_080625_USA_BAU_LowRE_abs_constFTL,2040,p121,MD,1.083108209
upvtotal,v1_080625_USA_BAU_LowRE_abs_constFTL,2040,p123,MD,1.1085694030000002
upvtotal,v1_080625_USA_BAU_LowRE_abs_constFTL,2040,p134,ME,0.7713
upvtotal,v1_080625_USA_BAU_LowRE_abs_constFTL,2040,p103,MI,1.3713000000000002
upvtotal,v1_080625_USA_BAU_LowRE_abs_constFTL,2040,p104,MI,0.762923134
upvtotal,v1_080625_USA_BAU_LowRE_abs_constFTL,2040,p74,MI,0.07885186599999999
upvtotal,v1_080625_USA_BAU_LowRE_abs_constFTL,2040,p42,MN,1.5411736729999999
upvtotal,v1_080625_USA_BAU_LowRE_abs_constFTL,2040,p43,MN,1.020068718
upvtotal,v1_080625_USA_BAU_LowRE_abs_constFTL,2040,p44,MN,1.401241791
upvtotal,v1_080625_USA_BAU_LowRE_abs_constFTL,2040,p68,MN,0.15878358199999998
upvtotal,v1_080625_USA_BAU_LowRE_abs_constFTL,2040,p54,MO,0.46992883500000004
upvtotal,v1_080625_USA_BAU_LowRE_abs_constFTL,2040,p55,MO,3.5156276120000003
upvtotal,v1_080625_USA_BAU_LowRE_abs_constFTL,2040,p71,MO,0.17375637600000002
upvtotal,v1_080625_USA_BAU_LowRE_abs_constFTL,2040,p72,MO,3.0668020070000006
upvtotal,v1_080625_USA_BAU_LowRE_abs_constFTL,2040,p73,MO,1.171346269
upvtotal,v1_080625_USA_BAU_LowRE_abs_constFTL,2040,p84,MO,0.036393782
upvtotal,v1_080625_USA_BAU_LowRE_abs_constFTL,2040,p87,MS,3.001744888
upvtotal,v1_080625_USA_BAU_LowRE_abs_constFTL,2040,p88,MS,4.298555338
upvtotal,v1_080625_USA_BAU_LowRE_abs_constFTL,2040,p17,MT,0.16
upvtotal,v1_080625_USA_BAU_LowRE_abs_constFTL,2040,p18,MT,0.014
upvtotal,v1_080625_USA_BAU_LowRE_abs_constFTL,2040,p20,MT,0.163
upvtotal,v1_080625_USA_BAU_LowRE_abs_constFTL,2040,p35,MT,0.306544369
upvtotal,v1_080625_USA_BAU_LowRE_abs_constFTL,2040,p97,NC,4.587807637
upvtotal,v1_080625_USA_BAU_LowRE_abs_constFTL,2040,p98,NC,5.4358
upvtotal,v1_080625_USA_BAU_LowRE_abs_constFTL,2040,p39,NE,0.220964608
upvtotal,v1_080625_USA_BAU_LowRE_abs_constFTL,2040,p40,NE,2.034067762
upvtotal,v1_080625_USA_BAU_LowRE_abs_constFTL,2040,p41,NE,1.2221882010000003
upvtotal,v1_080625_USA_BAU_LowRE_abs_constFTL,2040,p130,NH,0.1124
upvtotal,v1_080625_USA_BAU_LowRE_abs_constFTL,2040,p126,NJ,6.367952099999999
upvtotal,v1_080625_USA_BAU_LowRE_abs_constFTL,2040,p31,NM,5.443454678999999
upvtotal,v1_080625_USA_BAU_LowRE_abs_constFTL,2040,p47,NM,2.933687829
upvtotal,v1_080625_USA_BAU_LowRE_abs_constFTL,2040,p12,NV,1.62588063
upvtotal,v1_080625_USA_BAU_LowRE_abs_constFTL,2040,p13,NV,10.356759922
upvtotal,v1_080625_USA_BAU_LowRE_abs_constFTL,2040,p127,NY,18.833280119
upvtotal,v1_080625_USA_BAU_LowRE_abs_constFTL,2040,p128,NY,0.1508
upvtotal,v1_080625_USA_BAU_LowRE_abs_constFTL,2040,p111,OH,0.1557
upvtotal,v1_080625_USA_BAU_LowRE_abs_constFTL,2040,p112,OH,3.3784
upvtotal,v1_080625_USA_BAU_LowRE_abs_constFTL,2040,p113,OH,0.5479
upvtotal,v1_080625_USA_BAU_LowRE_abs_constFTL,2040,p114,OH,0.28
upvtotal,v1_080625_USA_BAU_LowRE_abs_constFTL,2040,p49,OK,3.98655349
upvtotal,v1_080625_USA_BAU_LowRE_abs_constFTL,2040,p50,OK,2.049734118
upvtotal,v1_080625_USA_BAU_LowRE_abs_constFTL,2040,p51,OK,1.126060436
upvtotal,v1_080625_USA_BAU_LowRE_abs_constFTL,2040,p5,OR,0.7826000000000001
upvtotal,v1_080625_USA_BAU_LowRE_abs_constFTL,2040,p6,OR,0.7735323950000002
upvtotal,v1_080625_USA_BAU_LowRE_abs_constFTL,2040,p7,OR,6.457185821
upvtotal,v1_080625_USA_BAU_LowRE_abs_constFTL,2040,p115,PA,0.167138806
upvtotal,v1_080625_USA_BAU_LowRE_abs_constFTL,2040,p120,PA,0.705302239
upvtotal,v1_080625_USA_BAU_LowRE_abs_constFTL,2040,p133,RI,2.0970462679999997
upvtotal,v1_080625_USA_BAU_LowRE_abs_constFTL,2040,p95,SC,12.334824824
upvtotal,v1_080625_USA_BAU_LowRE_abs_constFTL,2040,p96,SC,10.480641148
upvtotal,v1_080625_USA_BAU_LowRE_abs_constFTL,2040,p32,SD,0.08
upvtotal,v1_080625_USA_BAU_LowRE_abs_constFTL,2040,p38,SD,0.001
upvtotal,v1_080625_USA_BAU_LowRE_abs_constFTL,2040,p92,TN,1.0598
upvtotal,v1_080625_USA_BAU_LowRE_abs_constFTL,2040,p48,TX,3.951315201
upvtotal,v1_080625_USA_BAU_LowRE_abs_constFTL,2040,p57,TX,3.396434329
upvtotal,v1_080625_USA_BAU_LowRE_abs_constFTL,2040,p59,TX,0.9371768600000001
upvtotal,v1_080625_USA_BAU_LowRE_abs_constFTL,2040,p60,TX,3.443251457
upvtotal,v1_080625_USA_BAU_LowRE_abs_constFTL,2040,p61,TX,12.247749268
upvtotal,v1_080625_USA_BAU_LowRE_abs_constFTL,2040,p62,TX,2.9796960120000002
upvtotal,v1_080625_USA_BAU_LowRE_abs_constFTL,2040,p63,TX,9.040817981
upvtotal,v1_080625_USA_BAU_LowRE_abs_constFTL,2040,p64,TX,1.0872
upvtotal,v1_080625_USA_BAU_LowRE_abs_constFTL,2040,p65,TX,5.562182788
upvtotal,v1_080625_USA_BAU_LowRE_abs_constFTL,2040,p66,TX,1.534227612
upvtotal,v1_080625_USA_BAU_LowRE_abs_constFTL,2040,p67,TX,3.3153
upvtotal,v1_080625_USA_BAU_LowRE_abs_constFTL,2040,p25,UT,2.963234
upvtotal,v1_080625_USA_BAU_LowRE_abs_constFTL,2040,p26,UT,0.564454474
upvtotal,v1_080625_USA_BAU_LowRE_abs_constFTL,2040,p100,VA,4.296614925
upvtotal,v1_080625_USA_BAU_LowRE_abs_constFTL,2040,p118,VA,3.584070896
upvtotal,v1_080625_USA_BAU_LowRE_abs_constFTL,2040,p124,VA,1.073523156
upvtotal,v1_080625_USA_BAU_LowRE_abs_constFTL,2040,p99,VA,6.075615222
upvtotal,v1_080625_USA_BAU_LowRE_abs_constFTL,2040,p129,VT,1.622488404
upvtotal,v1_080625_USA_BAU_LowRE_abs_constFTL,2040,p1,WA,0.015
upvtotal,v1_080625_USA_BAU_LowRE_abs_constFTL,2040,p2,WA,0.797424041
upvtotal,v1_080625_USA_BAU_LowRE_abs_constFTL,2040,p3,WA,0.0192
upvtotal,v1_080625_USA_BAU_LowRE_abs_constFTL,2040,p4,WA,0.499368657
upvtotal,v1_080625_USA_BAU_LowRE_abs_constFTL,2040,p46,WI,0.032600000000000004
upvtotal,v1_080625_USA_BAU_LowRE_abs_constFTL,2040,p75,WI,0.9503405729999999
upvtotal,v1_080625_USA_BAU_LowRE_abs_constFTL,2040,p76,WI,0.470995
upvtotal,v1_080625_USA_BAU_LowRE_abs_constFTL,2040,p77,WI,0.8651
upvtotal,v1_080625_USA_BAU_LowRE_abs_constFTL,2040,p78,WI,0.23659999999999998
upvtotal,v1_080625_USA_BAU_LowRE_abs_constFTL,2040,p79,WI,0.2293
upvtotal,v1_080625_USA_BAU_LowRE_abs_constFTL,2040,p116,WV,0.45684568000000003
upvtotal,v1_080625_USA_BAU_LowRE_abs_constFTL,2040,p117,WV,0.113256716
upvtotal,v1_080625_USA_BAU_LowRE_abs_constFTL,2040,p21,WY,0.6577625720000001
upvtotal,v1_080625_USA_BAU_LowRE_abs_constFTL,2045,p89,AL,12.109142998
upvtotal,v1_080625_USA_BAU_LowRE_abs_constFTL,2045,p90,AL,9.158597015000002
upvtotal,v1_080625_USA_BAU_LowRE_abs_constFTL,2045,p56,AR,0.062313454
upvtotal,v1_080625_USA_BAU_LowRE_abs_constFTL,2045,p85,AR,5.278043263
upvtotal,v1_080625_USA_BAU_LowRE_abs_constFTL,2045,p27,AZ,2.01893209
upvtotal,v1_080625_USA_BAU_LowRE_abs_constFTL,2045,p28,AZ,2.736590599
upvtotal,v1_080625_USA_BAU_LowRE_abs_constFTL,2045,p29,AZ,2.8642962689999996
upvtotal,v1_080625_USA_BAU_LowRE_abs_constFTL,2045,p30,AZ,0.5208660709999999
upvtotal,v1_080625_USA_BAU_LowRE_abs_constFTL,2045,p10,CA,9.951342625999999
upvtotal,v1_080625_USA_BAU_LowRE_abs_constFTL,2045,p11,CA,0.18669701500000002
upvtotal,v1_080625_USA_BAU_LowRE_abs_constFTL,2045,p8,CA,2.245478145
upvtotal,v1_080625_USA_BAU_LowRE_abs_constFTL,2045,p9,CA,17.538178502
upvtotal,v1_080625_USA_BAU_LowRE_abs_constFTL,2045,p33,CO,4.229514179
upvtotal,v1_080625_USA_BAU_LowRE_abs_constFTL,2045,p34,CO,4.702341752000001
upvtotal,v1_080625_USA_BAU_LowRE_abs_constFTL,2045,p132,CT,1.0738559699999999
upvtotal,v1_080625_USA_BAU_LowRE_abs_constFTL,2045,p125,DE,3.2498164349999996
upvtotal,v1_080625_USA_BAU_LowRE_abs_constFTL,2045,p101,FL,35.482071641999994
upvtotal,v1_080625_USA_BAU_LowRE_abs_constFTL,2045,p102,FL,2.4693
upvtotal,v1_080625_USA_BAU_LowRE_abs_constFTL,2045,p91,FL,4.178797804
upvtotal,v1_080625_USA_BAU_LowRE_abs_constFTL,2045,p94,GA,3.873
upvtotal,v1_080625_USA_BAU_LowRE_abs_constFTL,2045,p45,IA,0.195164179
upvtotal,v1_080625_USA_BAU_LowRE_abs_constFTL,2045,p69,IA,0.0081
upvtotal,v1_080625_USA_BAU_LowRE_abs_constFTL,2045,p70,IA,0.34514328399999994
upvtotal,v1_080625_USA_BAU_LowRE_abs_constFTL,2045,p15,ID,2.2495783580000004
upvtotal,v1_080625_USA_BAU_LowRE_abs_constFTL,2045,p16,ID,6.570746771
upvtotal,v1_080625_USA_BAU_LowRE_abs_constFTL,2045,p80,IL,4.8229430959999995
upvtotal,v1_080625_USA_BAU_LowRE_abs_constFTL,2045,p81,IL,8.109424317
upvtotal,v1_080625_USA_BAU_LowRE_abs_constFTL,2045,p82,IL,2.565671241
upvtotal,v1_080625_USA_BAU_LowRE_abs_constFTL,2045,p83,IL,5.795339856
upvtotal,v1_080625_USA_BAU_LowRE_abs_constFTL,2045,p105,IN,5.334589553
upvtotal,v1_080625_USA_BAU_LowRE_abs_constFTL,2045,p107,IN,2.974780791
upvtotal,v1_080625_USA_BAU_LowRE_abs_constFTL,2045,p52,KS,0.441080196
upvtotal,v1_080625_USA_BAU_LowRE_abs_constFTL,2045,p53,KS,5.065918836
upvtotal,v1_080625_USA_BAU_LowRE_abs_constFTL,2045,p108,KY,1.259984002
upvtotal,v1_080625_USA_BAU_LowRE_abs_constFTL,2045,p109,KY,1.275173135
upvtotal,v1_080625_USA_BAU_LowRE_abs_constFTL,2045,p93,KY,2.630970896
upvtotal,v1_080625_USA_BAU_LowRE_abs_constFTL,2045,p58,LA,0.6134000000000001
upvtotal,v1_080625_USA_BAU_LowRE_abs_constFTL,2045,p86,LA,4.412505223999999
upvtotal,v1_080625_USA_BAU_LowRE_abs_constFTL,2045,p131,MA,3.1055309170000003
upvtotal,v1_080625_USA_BAU_LowRE_abs_constFTL,2045,p121,MD,1.039708209
upvtotal,v1_080625_USA_BAU_LowRE_abs_constFTL,2045,p123,MD,1.0485694030000001
upvtotal,v1_080625_USA_BAU_LowRE_abs_constFTL,2045,p134,ME,0.7713
upvtotal,v1_080625_USA_BAU_LowRE_abs_constFTL,2045,p103,MI,1.3693000000000002
upvtotal,v1_080625_USA_BAU_LowRE_abs_constFTL,2045,p104,MI,0.762923134
upvtotal,v1_080625_USA_BAU_LowRE_abs_constFTL,2045,p74,MI,0.07885186599999999
upvtotal,v1_080625_USA_BAU_LowRE_abs_constFTL,2045,p42,MN,2.073902554
upvtotal,v1_080625_USA_BAU_LowRE_abs_constFTL,2045,p43,MN,1.0177687180000001
upvtotal,v1_080625_USA_BAU_LowRE_abs_constFTL,2045,p44,MN,1.993686567
upvtotal,v1_080625_USA_BAU_LowRE_abs_constFTL,2045,p68,MN,0.814410448
upvtotal,v1_080625_USA_BAU_LowRE_abs_constFTL,2045,p54,MO,0.467128835
upvtotal,v1_080625_USA_BAU_LowRE_abs_constFTL,2045,p55,MO,5.392395029
upvtotal,v1_080625_USA_BAU_LowRE_abs_constFTL,2045,p71,MO,4.628188341
upvtotal,v1_080625_USA_BAU_LowRE_abs_constFTL,2045,p72,MO,4.462480597000001
upvtotal,v1_080625_USA_BAU_LowRE_abs_constFTL,2045,p73,MO,2.704660068
upvtotal,v1_080625_USA_BAU_LowRE_abs_constFTL,2045,p84,MO,2.2646305970000005
upvtotal,v1_080625_USA_BAU_LowRE_abs_constFTL,2045,p87,MS,6.937745522
upvtotal,v1_080625_USA_BAU_LowRE_abs_constFTL,2045,p88,MS,4.64195
upvtotal,v1_080625_USA_BAU_LowRE_abs_constFTL,2045,p17,MT,0.16
upvtotal,v1_080625_USA_BAU_LowRE_abs_constFTL,2045,p18,MT,0.014
upvtotal,v1_080625_USA_BAU_LowRE_abs_constFTL,2045,p20,MT,0.163
upvtotal,v1_080625_USA_BAU_LowRE_abs_constFTL,2045,p35,MT,0.306544369
upvtotal,v1_080625_USA_BAU_LowRE_abs_constFTL,2045,p97,NC,10.481474113
upvtotal,v1_080625_USA_BAU_LowRE_abs_constFTL,2045,p98,NC,9.152281712
upvtotal,v1_080625_USA_BAU_LowRE_abs_constFTL,2045,p39,NE,0.220964608
upvtotal,v1_080625_USA_BAU_LowRE_abs_constFTL,2045,p40,NE,2.034067762
upvtotal,v1_080625_USA_BAU_LowRE_abs_constFTL,2045,p41,NE,1.2221882010000003
upvtotal,v1_080625_USA_BAU_LowRE_abs_constFTL,2045,p130,NH,0.1124
upvtotal,v1_080625_USA_BAU_LowRE_abs_constFTL,2045,p126,NJ,5.9863520999999995
upvtotal,v1_080625_USA_BAU_LowRE_abs_constFTL,2045,p31,NM,7.411393158999999
upvtotal,v1_080625_USA_BAU_LowRE_abs_constFTL,2045,p47,NM,2.880387829
upvtotal,v1_080625_USA_BAU_LowRE_abs_constFTL,2045,p12,NV,2.6279526219999996
upvtotal,v1_080625_USA_BAU_LowRE_abs_constFTL,2045,p13,NV,13.72233142
upvtotal,v1_080625_USA_BAU_LowRE_abs_constFTL,2045,p127,NY,24.216860567999998
upvtotal,v1_080625_USA_BAU_LowRE_abs_constFTL,2045,p128,NY,0.09930000000000001
upvtotal,v1_080625_USA_BAU_LowRE_abs_constFTL,2045,p111,OH,0.151
upvtotal,v1_080625_USA_BAU_LowRE_abs_constFTL,2045,p112,OH,3.3680999999999996
upvtotal,v1_080625_USA_BAU_LowRE_abs_constFTL,2045,p113,OH,0.5457
upvtotal,v1_080625_USA_BAU_LowRE_abs_constFTL,2045,p114,OH,0.28
upvtotal,v1_080625_USA_BAU_LowRE_abs_constFTL,2045,p49,OK,5.157146948
upvtotal,v1_080625_USA_BAU_LowRE_abs_constFTL,2045,p50,OK,3.692407844
upvtotal,v1_080625_USA_BAU_LowRE_abs_constFTL,2045,p51,OK,1.126060436
upvtotal,v1_080625_USA_BAU_LowRE_abs_constFTL,2045,p5,OR,0.7771000000000001
upvtotal,v1_080625_USA_BAU_LowRE_abs_constFTL,2045,p6,OR,1.0218231160000002
upvtotal,v1_080625_USA_BAU_LowRE_abs_constFTL,2045,p7,OR,8.357263433
upvtotal,v1_080625_USA_BAU_LowRE_abs_constFTL,2045,p115,PA,0.165838806
upvtotal,v1_080625_USA_BAU_LowRE_abs_constFTL,2045,p120,PA,0.705302239
upvtotal,v1_080625_USA_BAU_LowRE_abs_constFTL,2045,p133,RI,2.086346268
upvtotal,v1_080625_USA_BAU_LowRE_abs_constFTL,2045,p95,SC,12.573050564999999
upvtotal,v1_080625_USA_BAU_LowRE_abs_constFTL,2045,p96,SC,10.810364572
upvtotal,v1_080625_USA_BAU_LowRE_abs_constFTL,2045,p32,SD,0.08
upvtotal,v1_080625_USA_BAU_LowRE_abs_constFTL,2045,p38,SD,0.001
upvtotal,v1_080625_USA_BAU_LowRE_abs_constFTL,2045,p92,TN,1.0164
upvtotal,v1_080625_USA_BAU_LowRE_abs_constFTL,2045,p48,TX,5.497390804
upvtotal,v1_080625_USA_BAU_LowRE_abs_constFTL,2045,p57,TX,3.879526632
upvtotal,v1_080625_USA_BAU_LowRE_abs_constFTL,2045,p59,TX,1.2208254109999999
upvtotal,v1_080625_USA_BAU_LowRE_abs_constFTL,2045,p60,TX,3.443251457
upvtotal,v1_080625_USA_BAU_LowRE_abs_constFTL,2045,p61,TX,12.167949268
upvtotal,v1_080625_USA_BAU_LowRE_abs_constFTL,2045,p62,TX,2.9796960120000002
upvtotal,v1_080625_USA_BAU_LowRE_abs_constFTL,2045,p63,TX,9.038817981
upvtotal,v1_080625_USA_BAU_LowRE_abs_constFTL,2045,p64,TX,1.0556
upvtotal,v1_080625_USA_BAU_LowRE_abs_constFTL,2045,p65,TX,5.435382787999999
upvtotal,v1_080625_USA_BAU_LowRE_abs_constFTL,2045,p66,TX,3.446191604
upvtotal,v1_080625_USA_BAU_LowRE_abs_constFTL,2045,p67,TX,3.3153
upvtotal,v1_080625_USA_BAU_LowRE_abs_constFTL,2045,p25,UT,2.796834
upvtotal,v1_080625_USA_BAU_LowRE_abs_constFTL,2045,p26,UT,0.587231042
upvtotal,v1_080625_USA_BAU_LowRE_abs_constFTL,2045,p100,VA,4.296614925
upvtotal,v1_080625_USA_BAU_LowRE_abs_constFTL,2045,p118,VA,3.584070896
upvtotal,v1_080625_USA_BAU_LowRE_abs_constFTL,2045,p124,VA,1.073523156
upvtotal,v1_080625_USA_BAU_LowRE_abs_constFTL,2045,p99,VA,6.075615222
upvtotal,v1_080625_USA_BAU_LowRE_abs_constFTL,2045,p129,VT,2.045008035
upvtotal,v1_080625_USA_BAU_LowRE_abs_constFTL,2045,p1,WA,0.181092537
upvtotal,v1_080625_USA_BAU_LowRE_abs_constFTL,2045,p2,WA,2.8880738800000003
upvtotal,v1_080625_USA_BAU_LowRE_abs_constFTL,2045,p3,WA,0.0192
upvtotal,v1_080625_USA_BAU_LowRE_abs_constFTL,2045,p4,WA,0.712560863
upvtotal,v1_080625_USA_BAU_LowRE_abs_constFTL,2045,p46,WI,0.032600000000000004
upvtotal,v1_080625_USA_BAU_LowRE_abs_constFTL,2045,p75,WI,0.9503405729999999
upvtotal,v1_080625_USA_BAU_LowRE_abs_constFTL,2045,p76,WI,0.470995
upvtotal,v1_080625_USA_BAU_LowRE_abs_constFTL,2045,p77,WI,0.8651
upvtotal,v1_080625_USA_BAU_LowRE_abs_constFTL,2045,p78,WI,0.23659999999999998
upvtotal,v1_080625_USA_BAU_LowRE_abs_constFTL,2045,p79,WI,0.2283
upvtotal,v1_080625_USA_BAU_LowRE_abs_constFTL,2045,p116,WV,0.45684568000000003
upvtotal,v1_080625_USA_BAU_LowRE_abs_constFTL,2045,p117,WV,0.113256716
upvtotal,v1_080625_USA_BAU_LowRE_abs_constFTL,2045,p21,WY,0.6757579090000001
upvtotal,v1_080625_USA_BAU_LowRE_abs_constFTL,2050,p89,AL,14.493842693000001
upvtotal,v1_080625_USA_BAU_LowRE_abs_constFTL,2050,p90,AL,11.767897806
upvtotal,v1_080625_USA_BAU_LowRE_abs_constFTL,2050,p56,AR,0.052613454
upvtotal,v1_080625_USA_BAU_LowRE_abs_constFTL,2050,p85,AR,5.108043263
upvtotal,v1_080625_USA_BAU_LowRE_abs_constFTL,2050,p27,AZ,2.171996789
upvtotal,v1_080625_USA_BAU_LowRE_abs_constFTL,2050,p28,AZ,3.28074236
upvtotal,v1_080625_USA_BAU_LowRE_abs_constFTL,2050,p29,AZ,3.686573872
upvtotal,v1_080625_USA_BAU_LowRE_abs_constFTL,2050,p30,AZ,1.9396925729999999
upvtotal,v1_080625_USA_BAU_LowRE_abs_constFTL,2050,p10,CA,10.822434329
upvtotal,v1_080625_USA_BAU_LowRE_abs_constFTL,2050,p11,CA,1.0127000000000002
upvtotal,v1_080625_USA_BAU_LowRE_abs_constFTL,2050,p8,CA,2.3294216199999997
upvtotal,v1_080625_USA_BAU_LowRE_abs_constFTL,2050,p9,CA,19.587666495
upvtotal,v1_080625_USA_BAU_LowRE_abs_constFTL,2050,p33,CO,4.764948163
upvtotal,v1_080625_USA_BAU_LowRE_abs_constFTL,2050,p34,CO,5.103365818
upvtotal,v1_080625_USA_BAU_LowRE_abs_constFTL,2050,p132,CT,1.750070337
upvtotal,v1_080625_USA_BAU_LowRE_abs_constFTL,2050,p125,DE,4.302614179
upvtotal,v1_080625_USA_BAU_LowRE_abs_constFTL,2050,p101,FL,40.25149379
upvtotal,v1_080625_USA_BAU_LowRE_abs_constFTL,2050,p102,FL,1.8725
upvtotal,v1_080625_USA_BAU_LowRE_abs_constFTL,2050,p91,FL,5.74718686
upvtotal,v1_080625_USA_BAU_LowRE_abs_constFTL,2050,p94,GA,9.568149361
upvtotal,v1_080625_USA_BAU_LowRE_abs_constFTL,2050,p45,IA,1.3785749779999998
upvtotal,v1_080625_USA_BAU_LowRE_abs_constFTL,2050,p69,IA,0.765377591
upvtotal,v1_080625_USA_BAU_LowRE_abs_constFTL,2050,p70,IA,0.46626385299999995
upvtotal,v1_080625_USA_BAU_LowRE_abs_constFTL,2050,p15,ID,4.602623640000001
upvtotal,v1_080625_USA_BAU_LowRE_abs_constFTL,2050,p16,ID,7.5308352339999995
upvtotal,v1_080625_USA_BAU_LowRE_abs_constFTL,2050,p80,IL,8.707006068
upvtotal,v1_080625_USA_BAU_LowRE_abs_constFTL,2050,p81,IL,8.091824317
upvtotal,v1_080625_USA_BAU_LowRE_abs_constFTL,2050,p82,IL,3.330788818
upvtotal,v1_080625_USA_BAU_LowRE_abs_constFTL,2050,p83,IL,6.795833765000001
upvtotal,v1_080625_USA_BAU_LowRE_abs_constFTL,2050,p105,IN,5.741482458
upvtotal,v1_080625_USA_BAU_LowRE_abs_constFTL,2050,p106,IN,0.18980476400000001
upvtotal,v1_080625_USA_BAU_LowRE_abs_constFTL,2050,p107,IN,3.5945350750000005
upvtotal,v1_080625_USA_BAU_LowRE_abs_constFTL,2050,p52,KS,1.284136434
upvtotal,v1_080625_USA_BAU_LowRE_abs_constFTL,2050,p53,KS,5.858347998
upvtotal,v1_080625_USA_BAU_LowRE_abs_constFTL,2050,p108,KY,1.906402077
upvtotal,v1_080625_USA_BAU_LowRE_abs_constFTL,2050,p109,KY,4.201211195
upvtotal,v1_080625_USA_BAU_LowRE_abs_constFTL,2050,p93,KY,7.409074627
upvtotal,v1_080625_USA_BAU_LowRE_abs_constFTL,2050,p58,LA,0.54
upvtotal,v1_080625_USA_BAU_LowRE_abs_constFTL,2050,p86,LA,4.412505223999999
upvtotal,v1_080625_USA_BAU_LowRE_abs_constFTL,2050,p131,MA,5.584880832
upvtotal,v1_080625_USA_BAU_LowRE_abs_constFTL,2050,p121,MD,1.053108209
upvtotal,v1_080625_USA_BAU_LowRE_abs_constFTL,2050,p123,MD,0.907569403
upvtotal,v1_080625_USA_BAU_LowRE_abs_constFTL,2050,p134,ME,0.7064
upvtotal,v1_080625_USA_BAU_LowRE_abs_constFTL,2050,p103,MI,1.1704
upvtotal,v1_080625_USA_BAU_LowRE_abs_constFTL,2050,p104,MI,2.373133582
upvtotal,v1_080625_USA_BAU_LowRE_abs_constFTL,2050,p74,MI,0.077751866
upvtotal,v1_080625_USA_BAU_LowRE_abs_constFTL,2050,p42,MN,2.540024715
upvtotal,v1_080625_USA_BAU_LowRE_abs_constFTL,2050,p43,MN,0.5519668849999999
upvtotal,v1_080625_USA_BAU_LowRE_abs_constFTL,2050,p44,MN,3.4719526099999998
upvtotal,v1_080625_USA_BAU_LowRE_abs_constFTL,2050,p68,MN,1.544149254
upvtotal,v1_080625_USA_BAU_LowRE_abs_constFTL,2050,p54,MO,1.3465803379999999
upvtotal,v1_080625_USA_BAU_LowRE_abs_constFTL,2050,p55,MO,6.245883280999999
upvtotal,v1_080625_USA_BAU_LowRE_abs_constFTL,2050,p71,MO,4.9879771790000005
upvtotal,v1_080625_USA_BAU_LowRE_abs_constFTL,2050,p72,MO,4.462880597
upvtotal,v1_080625_USA_BAU_LowRE_abs_constFTL,2050,p73,MO,3.382156207
upvtotal,v1_080625_USA_BAU_LowRE_abs_constFTL,2050,p84,MO,4.655560732
upvtotal,v1_080625_USA_BAU_LowRE_abs_constFTL,2050,p87,MS,7.038822786
upvtotal,v1_080625_USA_BAU_LowRE_abs_constFTL,2050,p88,MS,4.63885
upvtotal,v1_080625_USA_BAU_LowRE_abs_constFTL,2050,p17,MT,0.16
upvtotal,v1_080625_USA_BAU_LowRE_abs_constFTL,2050,p20,MT,0.16
upvtotal,v1_080625_USA_BAU_LowRE_abs_constFTL,2050,p35,MT,1.405122975
upvtotal,v1_080625_USA_BAU_LowRE_abs_constFTL,2050,p97,NC,15.472382089000002
upvtotal,v1_080625_USA_BAU_LowRE_abs_constFTL,2050,p98,NC,20.442150596
upvtotal,v1_080625_USA_BAU_LowRE_abs_constFTL,2050,p39,NE,0.622958348
upvtotal,v1_080625_USA_BAU_LowRE_abs_constFTL,2050,p40,NE,2.022067762
upvtotal,v1_080625_USA_BAU_LowRE_abs_constFTL,2050,p41,NE,1.2108882010000002
upvtotal,v1_080625_USA_BAU_LowRE_abs_constFTL,2050,p130,NH,0.11
upvtotal,v1_080625_USA_BAU_LowRE_abs_constFTL,2050,p126,NJ,5.960552099999999
upvtotal,v1_080625_USA_BAU_LowRE_abs_constFTL,2050,p31,NM,7.493245389
upvtotal,v1_080625_USA_BAU_LowRE_abs_constFTL,2050,p47,NM,3.255914101
upvtotal,v1_080625_USA_BAU_LowRE_abs_constFTL,2050,p12,NV,3.350195904
upvtotal,v1_080625_USA_BAU_LowRE_abs_constFTL,2050,p13,NV,17.447545741
upvtotal,v1_080625_USA_BAU_LowRE_abs_constFTL,2050,p127,NY,27.756817249
upvtotal,v1_080625_USA_BAU_LowRE_abs_constFTL,2050,p128,NY,0.850796333
upvtotal,v1_080625_USA_BAU_LowRE_abs_constFTL,2050,p111,OH,0.121
upvtotal,v1_080625_USA_BAU_LowRE_abs_constFTL,2050,p112,OH,3.3706
upvtotal,v1_080625_USA_BAU_LowRE_abs_constFTL,2050,p113,OH,3.540103731
upvtotal,v1_080625_USA_BAU_LowRE_abs_constFTL,2050,p114,OH,0.28
upvtotal,v1_080625_USA_BAU_LowRE_abs_constFTL,2050,p49,OK,5.403470603000001
upvtotal,v1_080625_USA_BAU_LowRE_abs_constFTL,2050,p50,OK,4.1589352
upvtotal,v1_080625_USA_BAU_LowRE_abs_constFTL,2050,p51,OK,2.797249253
upvtotal,v1_080625_USA_BAU_LowRE_abs_constFTL,2050,p5,OR,0.5356000000000001
upvtotal,v1_080625_USA_BAU_LowRE_abs_constFTL,2050,p6,OR,1.4494031440000001
upvtotal,v1_080625_USA_BAU_LowRE_abs_constFTL,2050,p7,OR,8.536347033
upvtotal,v1_080625_USA_BAU_LowRE_abs_constFTL,2050,p115,PA,0.167138806
upvtotal,v1_080625_USA_BAU_LowRE_abs_constFTL,2050,p120,PA,0.755895236
upvtotal,v1_080625_USA_BAU_LowRE_abs_constFTL,2050,p133,RI,2.5201795750000002
upvtotal,v1_080625_USA_BAU_LowRE_abs_constFTL,2050,p95,SC,12.540550565
upvtotal,v1_080625_USA_BAU_LowRE_abs_constFTL,2050,p96,SC,9.749064572
upvtotal,v1_080625_USA_BAU_LowRE_abs_constFTL,2050,p32,SD,0.14064664300000002
upvtotal,v1_080625_USA_BAU_LowRE_abs_constFTL,2050,p92,TN,0.9271
upvtotal,v1_080625_USA_BAU_LowRE_abs_constFTL,2050,p48,TX,5.497390804
upvtotal,v1_080625_USA_BAU_LowRE_abs_constFTL,2050,p57,TX,4.334975399999999
upvtotal,v1_080625_USA_BAU_LowRE_abs_constFTL,2050,p59,TX,1.720016303
upvtotal,v1_080625_USA_BAU_LowRE_abs_constFTL,2050,p60,TX,3.671535304
upvtotal,v1_080625_USA_BAU_LowRE_abs_constFTL,2050,p61,TX,10.894949268
upvtotal,v1_080625_USA_BAU_LowRE_abs_constFTL,2050,p62,TX,3.256358067
upvtotal,v1_080625_USA_BAU_LowRE_abs_constFTL,2050,p63,TX,8.596217981
upvtotal,v1_080625_USA_BAU_LowRE_abs_constFTL,2050,p64,TX,1.0656
upvtotal,v1_080625_USA_BAU_LowRE_abs_constFTL,2050,p65,TX,7.410834703000001
upvtotal,v1_080625_USA_BAU_LowRE_abs_constFTL,2050,p66,TX,5.031623134
upvtotal,v1_080625_USA_BAU_LowRE_abs_constFTL,2050,p67,TX,3.1853000000000002
upvtotal,v1_080625_USA_BAU_LowRE_abs_constFTL,2050,p25,UT,3.570197761
upvtotal,v1_080625_USA_BAU_LowRE_abs_constFTL,2050,p26,UT,1.04201111
upvtotal,v1_080625_USA_BAU_LowRE_abs_constFTL,2050,p100,VA,4.284114924999999
upvtotal,v1_080625_USA_BAU_LowRE_abs_constFTL,2050,p118,VA,3.7225097020000004
upvtotal,v1_080625_USA_BAU_LowRE_abs_constFTL,2050,p124,VA,1.072628318
upvtotal,v1_080625_USA_BAU_LowRE_abs_constFTL,2050,p99,VA,11.164142374
upvtotal,v1_080625_USA_BAU_LowRE_abs_constFTL,2050,p129,VT,2.4718097009999997
upvtotal,v1_080625_USA_BAU_LowRE_abs_constFTL,2050,p1,WA,0.44603432800000004
upvtotal,v1_080625_USA_BAU_LowRE_abs_constFTL,2050,p2,WA,3.3129190330000005
upvtotal,v1_080625_USA_BAU_LowRE_abs_constFTL,2050,p3,WA,1.0923992539999998
upvtotal,v1_080625_USA_BAU_LowRE_abs_constFTL,2050,p4,WA,0.986893284
upvtotal,v1_080625_USA_BAU_LowRE_abs_constFTL,2050,p46,WI,0.009800000000000001
upvtotal,v1_080625_USA_BAU_LowRE_abs_constFTL,2050,p75,WI,0.8003405729999999
upvtotal,v1_080625_USA_BAU_LowRE_abs_constFTL,2050,p76,WI,0.465495
upvtotal,v1_080625_USA_BAU_LowRE_abs_constFTL,2050,p77,WI,0.857
upvtotal,v1_080625_USA_BAU_LowRE_abs_constFTL,2050,p78,WI,0.21869999999999998
upvtotal,v1_080625_USA_BAU_LowRE_abs_constFTL,2050,p79,WI,0.2293
upvtotal,v1_080625_USA_BAU_LowRE_abs_constFTL,2050,p116,WV,0.45684568000000003
upvtotal,v1_080625_USA_BAU_LowRE_abs_constFTL,2050,p117,WV,0.113256716
upvtotal,v1_080625_USA_BAU_LowRE_abs_constFTL,2050,p21,WY,1.374065167
upvtotal,v1_080625_USA_BAU_LowRE_abs_constFTL,2050,p22,WY,0.194268355
upvtotal,v1_080625_USA_BAU_LowRE_abs_constFTL,2050,p24,WY,1.313248127
